-- phpMyAdmin SQL Dump
-- version 4.8.3
-- https://www.phpmyadmin.net/
--
-- Host: 127.0.0.1
-- Generation Time: Sep 16, 2018 at 04:45 AM
-- Server version: 10.1.35-MariaDB
-- PHP Version: 7.2.9

SET SQL_MODE = "NO_AUTO_VALUE_ON_ZERO";
SET AUTOCOMMIT = 0;
START TRANSACTION;
SET time_zone = "+00:00";


/*!40101 SET @OLD_CHARACTER_SET_CLIENT=@@CHARACTER_SET_CLIENT */;
/*!40101 SET @OLD_CHARACTER_SET_RESULTS=@@CHARACTER_SET_RESULTS */;
/*!40101 SET @OLD_COLLATION_CONNECTION=@@COLLATION_CONNECTION */;
/*!40101 SET NAMES utf8mb4 */;

--
-- Database: `eapi`
--

-- --------------------------------------------------------

--
-- Table structure for table `migrations`
--

CREATE TABLE `migrations` (
  `id` int(10) UNSIGNED NOT NULL,
  `migration` varchar(191) COLLATE utf8mb4_unicode_ci NOT NULL,
  `batch` int(11) NOT NULL
) ENGINE=InnoDB DEFAULT CHARSET=utf8mb4 COLLATE=utf8mb4_unicode_ci;

--
-- Dumping data for table `migrations`
--

INSERT INTO `migrations` (`id`, `migration`, `batch`) VALUES
(1, '2014_10_12_000000_create_users_table', 1),
(2, '2014_10_12_100000_create_password_resets_table', 1),
(3, '2018_09_15_224919_create_products_table', 1),
(4, '2018_09_15_225151_create_reviews_table', 1);

-- --------------------------------------------------------

--
-- Table structure for table `password_resets`
--

CREATE TABLE `password_resets` (
  `email` varchar(191) COLLATE utf8mb4_unicode_ci NOT NULL,
  `token` varchar(191) COLLATE utf8mb4_unicode_ci NOT NULL,
  `created_at` timestamp NULL DEFAULT NULL
) ENGINE=InnoDB DEFAULT CHARSET=utf8mb4 COLLATE=utf8mb4_unicode_ci;

-- --------------------------------------------------------

--
-- Table structure for table `products`
--

CREATE TABLE `products` (
  `id` int(10) UNSIGNED NOT NULL,
  `name` varchar(191) COLLATE utf8mb4_unicode_ci NOT NULL,
  `detail` text COLLATE utf8mb4_unicode_ci NOT NULL,
  `price` int(11) NOT NULL,
  `stock` int(11) NOT NULL,
  `discount` int(11) NOT NULL,
  `created_at` timestamp NULL DEFAULT NULL,
  `updated_at` timestamp NULL DEFAULT NULL
) ENGINE=InnoDB DEFAULT CHARSET=utf8mb4 COLLATE=utf8mb4_unicode_ci;

--
-- Dumping data for table `products`
--

INSERT INTO `products` (`id`, `name`, `detail`, `price`, `stock`, `discount`, `created_at`, `updated_at`) VALUES
(1, 'impedit', 'Eaque qui dignissimos qui est nulla est debitis. Deleniti laborum cum accusantium accusamus sit ut consequatur repellendus. Tempore id sint aperiam ullam. Dolor aut quia impedit sit libero.', 100, 1, 29, '2018-09-16 00:42:10', '2018-09-16 00:42:10'),
(2, 'qui', 'Deserunt autem architecto est ab nesciunt. Optio et temporibus sint laborum. Voluptas repudiandae rerum ullam ipsum qui et iusto officiis.', 100, 6, 26, '2018-09-16 00:42:10', '2018-09-16 00:42:10'),
(3, 'labore', 'Soluta sit cupiditate ad totam rerum exercitationem tempore dolorem. Et dolorem facilis officiis in ipsum modi et. Voluptatibus illum beatae unde adipisci.', 100, 0, 1, '2018-09-16 00:42:10', '2018-09-16 00:42:10'),
(4, 'sed', 'Nihil sint et quo. Repellendus rerum ipsum voluptas minus quidem. Quis deleniti placeat maxime velit aut maiores.', 100, 0, 22, '2018-09-16 00:42:10', '2018-09-16 00:42:10'),
(5, 'veritatis', 'Sequi autem sed neque et fuga autem inventore. Nostrum eos id doloribus dolorem saepe quo. Ab nesciunt tenetur aliquam ut. Ut aut nihil quibusdam omnis minus assumenda amet.', 100, 0, 8, '2018-09-16 00:42:10', '2018-09-16 00:42:10'),
(6, 'in', 'Quos recusandae et aspernatur sint sed sed. Voluptatem quisquam officia expedita assumenda inventore non consequuntur doloribus. Animi sunt quis id dolores ullam dolorum.', 100, 9, 17, '2018-09-16 00:42:10', '2018-09-16 00:42:10'),
(7, 'sit', 'Explicabo aspernatur ut voluptate aliquam officiis nostrum quia repellendus. Qui quaerat ut et dolorem voluptates reiciendis. Quia minima iure nemo.', 100, 0, 1, '2018-09-16 00:42:10', '2018-09-16 00:42:10'),
(8, 'dolores', 'Suscipit sint iste dolores et. Aut dignissimos sint corporis voluptas alias excepturi voluptatem. Nihil et consequatur accusamus consequatur autem numquam. Quam aliquam quam dignissimos rerum.', 100, 1, 29, '2018-09-16 00:42:10', '2018-09-16 00:42:10'),
(9, 'dolor', 'Voluptatem eligendi dolore perspiciatis ratione ullam. Et et totam et vitae et iste. Omnis est enim modi dignissimos. Et totam natus ducimus repellendus.', 100, 0, 26, '2018-09-16 00:42:10', '2018-09-16 00:42:10'),
(10, 'placeat', 'Quia occaecati consequatur omnis asperiores. Rerum repellendus atque ea culpa quia qui. Necessitatibus iste quae quo quas soluta alias omnis.', 100, 8, 25, '2018-09-16 00:42:10', '2018-09-16 00:42:10'),
(11, 'exercitationem', 'Qui aut vitae eum dignissimos dolor asperiores. Aperiam ipsam enim modi dolorem qui quis. Iusto sint eaque unde sapiente ipsa optio quia.', 100, 4, 20, '2018-09-16 00:42:10', '2018-09-16 00:42:10'),
(12, 'omnis', 'Id voluptate et modi nihil aut maiores. Ex eum esse sed debitis quis. Ratione tenetur totam deserunt eum porro.', 100, 0, 13, '2018-09-16 00:42:10', '2018-09-16 00:42:10'),
(13, 'sed', 'Et sed aliquam tempore vel ut. Ut eos ut corporis et facere suscipit qui. Reprehenderit ex distinctio in accusantium dolorem sit.', 100, 3, 17, '2018-09-16 00:42:10', '2018-09-16 00:42:10'),
(14, 'est', 'Reprehenderit molestiae deserunt laudantium et dignissimos odit. Officiis eum adipisci et dolore. Error sunt harum similique.', 100, 7, 14, '2018-09-16 00:42:10', '2018-09-16 00:42:10'),
(15, 'dignissimos', 'Ipsam omnis sint voluptas saepe nisi quaerat. Fuga quos commodi quasi et voluptatem tempore qui. Fugiat facilis ab praesentium velit. Et voluptatem sit id reiciendis recusandae illo consectetur.', 100, 3, 18, '2018-09-16 00:42:10', '2018-09-16 00:42:10'),
(16, 'dolore', 'Error repellendus eveniet repellendus nulla. Saepe dolores aut est et. Animi molestiae earum minima aut voluptatibus ipsa non.', 100, 4, 26, '2018-09-16 00:42:10', '2018-09-16 00:42:10'),
(17, 'consectetur', 'Praesentium id adipisci facere totam debitis aut repellat. Sunt ut sint non libero exercitationem maxime ab. Facere molestiae facere nostrum facilis. Amet quasi consequatur nihil dolorum tempore quia expedita veniam.', 100, 8, 0, '2018-09-16 00:42:10', '2018-09-16 00:42:10'),
(18, 'tenetur', 'Quis incidunt quos architecto tenetur dolore doloribus sed. In minima dolorum animi odit rerum rerum. Ipsam modi totam distinctio dolorum ut repellat. Id ratione rerum ut voluptatibus consequatur rerum.', 100, 5, 17, '2018-09-16 00:42:10', '2018-09-16 00:42:10'),
(19, 'suscipit', 'Assumenda rem quaerat voluptatem ab non ea numquam et. Nobis dolore qui saepe cumque modi. Blanditiis ipsa eius commodi eos illo. Natus maiores ipsum quibusdam asperiores magni ex.', 100, 1, 17, '2018-09-16 00:42:10', '2018-09-16 00:42:10'),
(20, 'voluptates', 'Voluptatibus corporis ut maiores fugit quae et. Ut id incidunt modi maxime voluptates officia. Sit est sit deserunt quas quisquam deleniti. Voluptas sit nulla possimus nisi laudantium.', 100, 4, 16, '2018-09-16 00:42:10', '2018-09-16 00:42:10'),
(21, 'rerum', 'Et voluptatem autem quia sapiente quia maxime placeat reiciendis. Magnam sunt a quo consectetur commodi non iusto alias. Odio quae pariatur vero et cumque commodi quod.', 100, 8, 23, '2018-09-16 00:42:10', '2018-09-16 00:42:10'),
(22, 'veniam', 'Quo omnis eum expedita ducimus temporibus. Beatae rerum amet quaerat omnis. Ut quasi illum deserunt ut error. Dolorem et nam alias. Cumque debitis voluptatum est.', 100, 5, 7, '2018-09-16 00:42:10', '2018-09-16 00:42:10'),
(23, 'commodi', 'Autem a molestiae cum aut est incidunt alias ea. Libero velit cumque et molestiae asperiores non enim quia. Quo cupiditate ducimus porro quidem omnis eius.', 100, 3, 2, '2018-09-16 00:42:10', '2018-09-16 00:42:10'),
(24, 'amet', 'Sit neque deserunt id laborum vero nemo velit. Dolorum non sunt quidem. Quae velit odit quasi autem tenetur. Odio sint quisquam totam. Minus nisi et aut ducimus praesentium ratione.', 100, 6, 28, '2018-09-16 00:42:10', '2018-09-16 00:42:10'),
(25, 'voluptatum', 'Voluptatem id consectetur dolor ab vel molestiae. Autem minus accusamus ut natus eaque. Similique illum delectus architecto itaque veritatis quos earum.', 100, 5, 30, '2018-09-16 00:42:10', '2018-09-16 00:42:10'),
(26, 'vel', 'Et qui laboriosam facere incidunt. Est dolores id soluta veniam qui repudiandae.', 100, 9, 20, '2018-09-16 00:42:11', '2018-09-16 00:42:11'),
(27, 'qui', 'Labore accusantium commodi aliquid. Et esse libero quasi labore quidem a molestias similique. Sit eaque illum velit praesentium et.', 100, 5, 5, '2018-09-16 00:42:11', '2018-09-16 00:42:11'),
(28, 'et', 'Esse modi deleniti voluptate eos at. Deserunt dolores veritatis voluptatem in rerum corporis. Eos sed quisquam vitae cumque. Aut ut atque et aut. Dolor quod in porro magnam exercitationem aliquid omnis.', 100, 7, 12, '2018-09-16 00:42:11', '2018-09-16 00:42:11'),
(29, 'voluptates', 'Autem non cupiditate beatae voluptates enim qui. Eum voluptas architecto sit vel quod incidunt fugiat. Eum error aut qui consequatur. Qui nihil harum nisi rerum.', 100, 5, 22, '2018-09-16 00:42:11', '2018-09-16 00:42:11'),
(30, 'mollitia', 'Quia pariatur ipsum ut est. Tenetur quia quia maxime qui commodi officia. Totam laudantium facere quaerat autem.', 100, 8, 8, '2018-09-16 00:42:11', '2018-09-16 00:42:11'),
(31, 'quis', 'Quis aut asperiores omnis. Velit libero veritatis officia doloremque error.', 100, 3, 1, '2018-09-16 00:42:11', '2018-09-16 00:42:11'),
(32, 'vitae', 'Eaque quos consequatur aliquam reprehenderit. Voluptatibus explicabo quidem veniam eum. A reiciendis quia praesentium illo.', 100, 1, 15, '2018-09-16 00:42:11', '2018-09-16 00:42:11'),
(33, 'quaerat', 'Est odio sit quidem nemo deleniti. Id odio vero deleniti nemo exercitationem voluptas temporibus nihil. Tenetur eius qui et ut tempora. Numquam quis minima voluptas.', 100, 0, 10, '2018-09-16 00:42:11', '2018-09-16 00:42:11'),
(34, 'qui', 'Necessitatibus necessitatibus rerum est quam molestias. Consequatur dolore et repudiandae aspernatur corrupti.', 100, 3, 10, '2018-09-16 00:42:11', '2018-09-16 00:42:11'),
(35, 'hic', 'Et veniam aut sint minima. Aut est eaque facere nulla vitae quaerat rerum animi. Minima qui quos rerum labore. Numquam temporibus velit voluptatem facere a debitis.', 100, 7, 20, '2018-09-16 00:42:11', '2018-09-16 00:42:11'),
(36, 'asperiores', 'Voluptatem quia voluptas veniam nemo enim quos. Voluptates voluptas est et sunt porro fugit sint. Nisi nostrum impedit accusamus.', 100, 5, 12, '2018-09-16 00:42:11', '2018-09-16 00:42:11'),
(37, 'animi', 'Nihil illum magnam sed facilis dignissimos in. Et quia adipisci dignissimos repellat accusantium voluptatibus cupiditate autem. Dolorum molestiae et ut.', 100, 2, 21, '2018-09-16 00:42:11', '2018-09-16 00:42:11'),
(38, 'reprehenderit', 'Eveniet unde exercitationem ullam dolorem sequi laboriosam. Ratione quia eius quod nihil ut sint nam. Blanditiis omnis beatae qui vel repudiandae.', 100, 4, 30, '2018-09-16 00:42:11', '2018-09-16 00:42:11'),
(39, 'voluptatibus', 'Eos mollitia doloremque consequatur quis enim repellat. Doloribus nihil porro alias alias ratione esse eaque. Ea et eos quam mollitia commodi occaecati consequatur dolor.', 100, 8, 29, '2018-09-16 00:42:11', '2018-09-16 00:42:11'),
(40, 'amet', 'Optio repellat enim inventore iste ipsum perferendis molestiae. Itaque rerum ratione aut error sed laboriosam. Qui minima facere possimus commodi soluta ut. Dolor vel id perspiciatis est officiis eum illum.', 100, 1, 29, '2018-09-16 00:42:11', '2018-09-16 00:42:11'),
(41, 'voluptatem', 'Amet labore tenetur voluptatem in. Facilis quod reiciendis sint numquam. Dolores dolor maiores ut nobis consequatur. Corporis est voluptatem sint quia magnam.', 100, 5, 7, '2018-09-16 00:42:11', '2018-09-16 00:42:11'),
(42, 'consectetur', 'Praesentium tempore eum dolore eum. Sit repellendus qui dolores quia cupiditate veniam aliquam.', 100, 5, 13, '2018-09-16 00:42:11', '2018-09-16 00:42:11'),
(43, 'quos', 'Sit quod nostrum quisquam qui a laboriosam. Et placeat reprehenderit aut expedita deserunt eum. Enim non qui alias aspernatur suscipit.', 100, 7, 23, '2018-09-16 00:42:11', '2018-09-16 00:42:11'),
(44, 'velit', 'Quo hic aut nemo est inventore. Voluptatibus in consectetur eaque dicta voluptas eos voluptatum. Tenetur atque aut ipsum voluptatibus at.', 100, 9, 6, '2018-09-16 00:42:11', '2018-09-16 00:42:11'),
(45, 'molestiae', 'Odit ut quae nostrum facilis quia vel. Cumque fuga voluptas sunt velit. Voluptas soluta laboriosam labore aut sint quod.', 100, 5, 14, '2018-09-16 00:42:11', '2018-09-16 00:42:11'),
(46, 'molestias', 'Quis sed nesciunt dolorem. Exercitationem mollitia ut accusantium laboriosam neque soluta earum. Provident non aut est. Aut est ut cupiditate aut aliquam quo et laborum.', 100, 0, 9, '2018-09-16 00:42:11', '2018-09-16 00:42:11'),
(47, 'ea', 'Ut cupiditate et explicabo voluptates. Et fugit tempora voluptas molestias corporis voluptatem. Est cupiditate et id quaerat vitae maxime. Quo adipisci dolores explicabo tenetur qui officiis.', 100, 0, 21, '2018-09-16 00:42:11', '2018-09-16 00:42:11'),
(48, 'optio', 'Temporibus sint quo corporis voluptates praesentium nisi et. Enim blanditiis laudantium fugiat ut vel. Laboriosam voluptatem facilis molestiae autem iste. Veniam ullam quia deleniti cupiditate nam ad et.', 100, 1, 10, '2018-09-16 00:42:11', '2018-09-16 00:42:11'),
(49, 'cum', 'Quod corrupti qui harum consequatur. Deleniti voluptatem numquam repudiandae voluptate. Voluptatibus doloribus natus velit.', 100, 2, 13, '2018-09-16 00:42:11', '2018-09-16 00:42:11'),
(50, 'cumque', 'Ea reprehenderit sit qui optio. Quod tempora omnis recusandae sed.', 100, 8, 9, '2018-09-16 00:42:11', '2018-09-16 00:42:11');

-- --------------------------------------------------------

--
-- Table structure for table `reviews`
--

CREATE TABLE `reviews` (
  `id` int(10) UNSIGNED NOT NULL,
  `product_id` int(10) UNSIGNED NOT NULL,
  `customer` varchar(191) COLLATE utf8mb4_unicode_ci NOT NULL,
  `review` text COLLATE utf8mb4_unicode_ci NOT NULL,
  `star` int(11) NOT NULL,
  `created_at` timestamp NULL DEFAULT NULL,
  `updated_at` timestamp NULL DEFAULT NULL
) ENGINE=InnoDB DEFAULT CHARSET=utf8mb4 COLLATE=utf8mb4_unicode_ci;

--
-- Dumping data for table `reviews`
--

INSERT INTO `reviews` (`id`, `product_id`, `customer`, `review`, `star`, `created_at`, `updated_at`) VALUES
(1, 6, 'Annamarie McDermott', 'Et quos sed rerum sunt repellat. Praesentium maxime omnis porro natus perspiciatis. Cumque placeat iste ut nemo qui consequatur. Est debitis consectetur et est sed saepe.', 1, '2018-09-16 00:42:12', '2018-09-16 00:42:12'),
(2, 4, 'Deon Thompson', 'Blanditiis vero doloribus porro a. Ex in inventore facilis sit.', 0, '2018-09-16 00:42:12', '2018-09-16 00:42:12'),
(3, 39, 'Prof. Molly Lindgren DDS', 'Et qui doloremque tempore et. Aspernatur ea quia laborum qui. Dolorem tempore dolore vel ipsa. Iste ut asperiores doloribus.', 1, '2018-09-16 00:42:12', '2018-09-16 00:42:12'),
(4, 8, 'Cali Schmidt', 'Et incidunt optio aliquam ullam quo recusandae sit. Molestiae eveniet sed corrupti atque. Officiis accusamus et et unde cupiditate id aut. Sed quidem est consequuntur alias.', 3, '2018-09-16 00:42:12', '2018-09-16 00:42:12'),
(5, 15, 'Trycia VonRueden', 'Eum rerum fugit assumenda veritatis possimus recusandae. Voluptatem quo in cum esse. Est laudantium est cupiditate ut ex. Quia dicta non tempora et ut odit. Facilis dicta et dolorum aperiam corporis.', 5, '2018-09-16 00:42:12', '2018-09-16 00:42:12'),
(6, 35, 'Jazmin Prosacco', 'Sed sapiente provident et. Modi eum aut odio nemo voluptatum aut qui. Temporibus voluptas laboriosam error accusantium facilis officiis a. Et ullam est neque quia in magni et.', 0, '2018-09-16 00:42:12', '2018-09-16 00:42:12'),
(7, 43, 'Mozelle Gibson MD', 'Illo autem aut sit omnis officia quasi ipsum assumenda. Aut earum aut quis possimus corporis odio quia. Debitis quia sit exercitationem voluptatem qui ut.', 5, '2018-09-16 00:42:12', '2018-09-16 00:42:12'),
(8, 39, 'Vidal Herzog', 'Occaecati alias sit est sint at et sit mollitia. Corporis quis dolorum voluptatem aut itaque. Quasi ipsa itaque dolore modi et. Doloremque aliquam nam et aut delectus ea.', 0, '2018-09-16 00:42:12', '2018-09-16 00:42:12'),
(9, 8, 'Dean Rolfson', 'Necessitatibus sapiente voluptatem accusantium. Praesentium assumenda ut aperiam velit vel et unde. Animi harum molestiae molestias hic porro. Voluptas et voluptatem maiores aut quidem est autem.', 4, '2018-09-16 00:42:12', '2018-09-16 00:42:12'),
(10, 26, 'Palma Hauck', 'Corrupti cum et earum beatae numquam et. Maxime natus voluptatem suscipit molestiae voluptatem tempore voluptatem. Voluptas corporis incidunt laudantium consequatur dolorem possimus libero.', 1, '2018-09-16 00:42:12', '2018-09-16 00:42:12'),
(11, 5, 'Dr. Chadd Torp', 'Sapiente illo est incidunt. Nihil consequatur eveniet voluptate atque sed eius.', 1, '2018-09-16 00:42:12', '2018-09-16 00:42:12'),
(12, 36, 'Eusebio Skiles', 'Voluptatem doloribus repudiandae dicta. Voluptatem similique impedit modi atque deserunt vero corrupti. Ipsum doloremque perspiciatis tempora dolorem.', 1, '2018-09-16 00:42:12', '2018-09-16 00:42:12'),
(13, 28, 'Ottis Boyle', 'Harum id impedit veniam sapiente molestias possimus numquam. Autem quo numquam quisquam dolorem praesentium. Ut non voluptatum id cupiditate quas. Et aut sed illum fuga ut.', 4, '2018-09-16 00:42:12', '2018-09-16 00:42:12'),
(14, 10, 'Nova Feil', 'Quod sed soluta dolores blanditiis earum amet sit. Necessitatibus quibusdam ullam occaecati et. Quas qui molestiae totam eum dolorem dolore voluptates nesciunt.', 2, '2018-09-16 00:42:12', '2018-09-16 00:42:12'),
(15, 20, 'Queen Rath', 'Odio blanditiis qui quis labore. Aut cumque officiis facere.', 0, '2018-09-16 00:42:12', '2018-09-16 00:42:12'),
(16, 39, 'Jena Champlin', 'Quia quia ratione numquam modi sed. Eligendi tempore esse maiores dicta et in atque. Temporibus aliquid reiciendis soluta tenetur. Fugit enim repellat ad praesentium.', 5, '2018-09-16 00:42:12', '2018-09-16 00:42:12'),
(17, 20, 'Vincent Waelchi I', 'Nostrum temporibus aperiam unde maxime rerum similique. Omnis magnam laudantium qui rerum. Eum sit aut facilis magni sapiente neque.', 5, '2018-09-16 00:42:12', '2018-09-16 00:42:12'),
(18, 33, 'Ms. Karianne Hills MD', 'Velit natus qui consequatur harum similique esse. Repudiandae dolor dolores aut. Vel nesciunt veritatis magni quaerat nostrum mollitia.', 2, '2018-09-16 00:42:13', '2018-09-16 00:42:13'),
(19, 48, 'Gabriella Gusikowski', 'Voluptatum ut maxime animi impedit assumenda. Ut voluptatem reiciendis iure sint reprehenderit in. Mollitia iste eos dignissimos harum sint omnis consectetur. Et maxime consequatur id illum facere et et.', 0, '2018-09-16 00:42:13', '2018-09-16 00:42:13'),
(20, 19, 'Zackary Keebler', 'Ea dolorum recusandae itaque maxime eum illo omnis. Aspernatur et in corporis et adipisci. Numquam aut eligendi placeat rem autem. Fugiat ut aut commodi laudantium aliquam.', 3, '2018-09-16 00:42:13', '2018-09-16 00:42:13'),
(21, 41, 'Dr. David Mann II', 'Fugiat rerum dolorem ratione deserunt velit vero. Delectus aut exercitationem ad repellendus et. Sit eos voluptatibus voluptatem sapiente neque sit. Ducimus consequatur voluptatem dolore quo dignissimos.', 5, '2018-09-16 00:42:13', '2018-09-16 00:42:13'),
(22, 15, 'Gail Kshlerin', 'Iste voluptatem ut atque. Magni exercitationem tempore nisi ipsa. Quaerat est sed sed id. Consectetur eum omnis aut est molestias sunt autem.', 0, '2018-09-16 00:42:13', '2018-09-16 00:42:13'),
(23, 1, 'Otha Pfeffer', 'Fugiat distinctio non laudantium veritatis. Nostrum placeat non animi voluptatem ad. Quis quidem architecto atque temporibus dolor. Distinctio suscipit repudiandae omnis culpa.', 3, '2018-09-16 00:42:13', '2018-09-16 00:42:13'),
(24, 25, 'Kaitlin Walter', 'Et consectetur quia sequi omnis. Rerum accusamus quo et voluptas qui sit. Qui earum est vel rem qui.', 3, '2018-09-16 00:42:13', '2018-09-16 00:42:13'),
(25, 40, 'Valerie Fisher IV', 'Aut maxime doloremque beatae. Aut velit magni iste minima fuga a magni temporibus. Quo saepe omnis mollitia ut vel est minus. Accusantium nostrum dolor aperiam tempore velit.', 2, '2018-09-16 00:42:13', '2018-09-16 00:42:13'),
(26, 25, 'Mr. Marco Bernier', 'Saepe quaerat nihil necessitatibus aspernatur neque. Asperiores omnis placeat sed. Tempore est itaque explicabo rerum iusto. Ab et neque illo quo enim soluta.', 2, '2018-09-16 00:42:13', '2018-09-16 00:42:13'),
(27, 15, 'Ilene Donnelly DDS', 'Ut voluptas voluptatibus enim earum consequatur itaque error nemo. Cum qui sapiente occaecati ut sequi. Quos facere quos molestiae natus. Esse voluptatem fuga rerum assumenda cupiditate iste distinctio.', 2, '2018-09-16 00:42:13', '2018-09-16 00:42:13'),
(28, 34, 'Christelle Gottlieb II', 'Et et similique neque a. Magnam voluptatem illo recusandae quis aut cum. Voluptatem est totam deserunt omnis qui.', 1, '2018-09-16 00:42:13', '2018-09-16 00:42:13'),
(29, 21, 'Adonis Boyer', 'In eos minus facere quasi et. Non quia beatae suscipit possimus. Aliquam dolor ut voluptate est.', 2, '2018-09-16 00:42:13', '2018-09-16 00:42:13'),
(30, 25, 'Damien Kihn MD', 'Minima numquam quod aliquam neque et. Aspernatur sit qui necessitatibus in mollitia inventore ipsam. Est eos ea consequatur nulla labore. Alias vitae dolorem et vel non voluptatem repudiandae.', 3, '2018-09-16 00:42:13', '2018-09-16 00:42:13'),
(31, 25, 'Norberto Kihn', 'Aspernatur velit fugit accusamus id perferendis. Ut suscipit numquam et blanditiis eos nostrum. Inventore et repellat sint quidem architecto. Reprehenderit rerum rerum aut omnis voluptas.', 3, '2018-09-16 00:42:13', '2018-09-16 00:42:13'),
(32, 7, 'Manley Ernser DDS', 'Ipsum voluptates explicabo provident assumenda aliquid voluptatum nihil. Iusto quo minima et et omnis. Consequuntur qui voluptates sequi ad enim et.', 3, '2018-09-16 00:42:13', '2018-09-16 00:42:13'),
(33, 12, 'Prof. Hulda Franecki II', 'Et aperiam temporibus qui tempora optio. Placeat et veniam nihil sed. Repellendus saepe suscipit in ex autem modi cupiditate.', 5, '2018-09-16 00:42:13', '2018-09-16 00:42:13'),
(34, 7, 'Dr. Grant Kilback', 'Nam neque qui qui qui. Earum autem eum aspernatur qui.', 4, '2018-09-16 00:42:13', '2018-09-16 00:42:13'),
(35, 25, 'Roma Koepp', 'Earum dolor eos consequatur. Fugit enim similique corporis aut. Aperiam rerum rerum quo et modi et.', 2, '2018-09-16 00:42:13', '2018-09-16 00:42:13'),
(36, 12, 'Prof. Jace Hettinger DVM', 'Enim magni blanditiis aliquam omnis saepe explicabo. Quasi numquam pariatur quasi voluptatem. Vel quasi et dolore voluptas occaecati. Placeat sit aut omnis voluptatum. Illo non beatae laboriosam quia doloribus inventore.', 5, '2018-09-16 00:42:13', '2018-09-16 00:42:13'),
(37, 35, 'Domenick Stroman DVM', 'Est aperiam laboriosam eveniet facilis. Ipsum impedit sed molestiae aspernatur sint consequatur. Omnis deleniti voluptatem vel quia et natus.', 2, '2018-09-16 00:42:13', '2018-09-16 00:42:13'),
(38, 11, 'Prof. Eldred Bailey III', 'Accusantium tempora tempore eum vitae consectetur omnis reprehenderit nulla. Ipsum beatae nobis id asperiores laudantium. Placeat autem voluptas magnam vero nostrum. Veniam cumque ut facere laborum asperiores.', 5, '2018-09-16 00:42:13', '2018-09-16 00:42:13'),
(39, 42, 'Kendra Rolfson DDS', 'Rerum culpa maiores eum architecto provident facere. Ipsa quod assumenda occaecati minima dolor dolorem est. Fuga cumque corrupti dicta occaecati blanditiis inventore veniam.', 1, '2018-09-16 00:42:13', '2018-09-16 00:42:13'),
(40, 7, 'Mr. Jarod Armstrong III', 'Et voluptatem molestiae aspernatur neque et numquam voluptatem explicabo. Officiis tempora quis voluptas dolor atque temporibus ut. Cum voluptatem earum aspernatur enim nihil. Voluptates tempora voluptates aut itaque.', 5, '2018-09-16 00:42:13', '2018-09-16 00:42:13'),
(41, 13, 'Gerard Feil MD', 'Esse officia ea dolor quisquam quam soluta. Error placeat est dolores exercitationem fuga officia. Sit sed aut aliquam tenetur nisi officiis doloribus.', 2, '2018-09-16 00:42:14', '2018-09-16 00:42:14'),
(42, 3, 'Oswald Larkin', 'Beatae sint quasi iste ratione ipsum sapiente quod nesciunt. Quasi quasi dignissimos autem dolore ad.', 0, '2018-09-16 00:42:14', '2018-09-16 00:42:14'),
(43, 46, 'Marianne Emard', 'Quibusdam tempore quas ratione atque deleniti neque non. Eius exercitationem incidunt vitae dolor neque. Nostrum in rerum omnis ullam sed. Quod vero debitis perspiciatis dolorem.', 2, '2018-09-16 00:42:14', '2018-09-16 00:42:14'),
(44, 28, 'Destiny Gulgowski', 'Quae temporibus autem sit maiores esse quia. Ipsa id ipsa blanditiis aperiam natus expedita dolor iure. Quod eligendi et placeat ipsum architecto ut.', 3, '2018-09-16 00:42:14', '2018-09-16 00:42:14'),
(45, 2, 'Nathanael Schamberger', 'Ducimus quos aperiam sit omnis. Ex animi hic est ut similique voluptas sunt. Veritatis maiores et soluta aliquid temporibus deserunt. Est tempora odio et minus et. Inventore quis cum et corrupti delectus tempora minima.', 0, '2018-09-16 00:42:14', '2018-09-16 00:42:14'),
(46, 17, 'Prof. Aaliyah Rosenbaum', 'Recusandae quidem dolor voluptate aspernatur reiciendis ducimus voluptatum. Non enim voluptatum minus alias et illo est. Fuga incidunt a non cum qui eaque. Sit sapiente quis sapiente fugit porro ipsa qui.', 0, '2018-09-16 00:42:14', '2018-09-16 00:42:14'),
(47, 47, 'Louvenia Streich', 'Ab sit aut numquam sapiente quis temporibus rerum est. Vero quia non itaque qui. Ut dolor qui rerum dignissimos. Voluptas et ut aliquam odit sint necessitatibus ratione nostrum.', 5, '2018-09-16 00:42:14', '2018-09-16 00:42:14'),
(48, 16, 'Ms. Nella Ruecker', 'Sint libero qui recusandae harum ab ex fuga. Nihil necessitatibus et qui aliquam molestias. Optio corrupti voluptas laudantium sit quam. Eum nostrum quia sed quam repellat.', 1, '2018-09-16 00:42:14', '2018-09-16 00:42:14'),
(49, 36, 'Dr. Dariana Farrell PhD', 'Eum et voluptate quidem. Quis explicabo nam fugiat minus. Est quo eveniet sapiente non. Aut quidem dolores laudantium nulla incidunt nobis quidem.', 1, '2018-09-16 00:42:14', '2018-09-16 00:42:14'),
(50, 18, 'Dr. Noe Stroman III', 'Culpa soluta architecto rerum harum. Sint ratione dolorem veritatis. Quibusdam nihil at possimus non consequatur molestiae ipsa.', 3, '2018-09-16 00:42:14', '2018-09-16 00:42:14'),
(51, 50, 'Miss Florence Borer', 'Et culpa voluptate animi animi. Quia animi aut fugit ipsa asperiores. Ullam dolores enim et asperiores odio.', 3, '2018-09-16 00:42:14', '2018-09-16 00:42:14'),
(52, 28, 'Tamara Jaskolski Jr.', 'Id et at nobis accusamus. Quia velit excepturi omnis laborum rerum harum et. Dolores soluta commodi expedita quibusdam adipisci assumenda aut nisi. Ut ipsa ut cum officiis.', 5, '2018-09-16 00:42:14', '2018-09-16 00:42:14'),
(53, 5, 'Armand Sipes', 'Maxime autem sint ipsum maiores voluptatum. Maxime in aut doloribus sequi quos. Blanditiis est aperiam maxime qui quisquam eum.', 0, '2018-09-16 00:42:14', '2018-09-16 00:42:14'),
(54, 24, 'Destinee Kuhic Sr.', 'Nisi incidunt sit at est suscipit rerum deserunt corrupti. Quaerat delectus nulla quis itaque dolor autem ducimus. Qui repellat autem aperiam eligendi. Consequatur ut est repudiandae nostrum et eos.', 5, '2018-09-16 00:42:14', '2018-09-16 00:42:14'),
(55, 48, 'Alejandra Stiedemann', 'Dolores eius velit placeat asperiores nisi amet alias. Assumenda in et mollitia beatae. Animi eveniet natus dolorem voluptas consequatur.', 2, '2018-09-16 00:42:14', '2018-09-16 00:42:14'),
(56, 43, 'Callie Kerluke', 'Iusto non vel beatae libero consequuntur. Asperiores omnis repellat quod. Libero et saepe qui aut. Enim nemo aliquid beatae alias odit voluptas quis.', 2, '2018-09-16 00:42:14', '2018-09-16 00:42:14'),
(57, 40, 'Prof. Anastasia Conroy IV', 'Sit quam qui eius iusto quibusdam. Explicabo ea mollitia ab vero et. Enim corrupti vero blanditiis illum doloribus eum.', 2, '2018-09-16 00:42:14', '2018-09-16 00:42:14'),
(58, 15, 'Genesis Christiansen', 'Esse deleniti ullam aperiam id et distinctio. Sapiente temporibus aut quos. Enim consequatur autem ipsam iure harum consectetur. Doloribus velit rerum rem fugit dolor non aut.', 5, '2018-09-16 00:42:14', '2018-09-16 00:42:14'),
(59, 13, 'Fannie Lemke', 'Nihil voluptatem ipsa aperiam maxime tempora suscipit id. Aut inventore aut iusto aliquam. Ea in ab numquam error est.', 1, '2018-09-16 00:42:14', '2018-09-16 00:42:14'),
(60, 22, 'Anya Christiansen', 'Minima architecto minus et qui assumenda accusantium. Error assumenda dignissimos beatae atque. Non quos non fuga blanditiis.', 5, '2018-09-16 00:42:14', '2018-09-16 00:42:14'),
(61, 1, 'Alfredo Kohler', 'Enim voluptas perspiciatis explicabo est ea est vel. Exercitationem enim tempora officia rerum. Qui illum voluptate quasi tenetur. Harum velit doloremque accusantium amet numquam officiis quia.', 1, '2018-09-16 00:42:14', '2018-09-16 00:42:14'),
(62, 21, 'Prof. Myra Dietrich DDS', 'Sit iusto aut quis excepturi tenetur nam explicabo id. Est occaecati labore eveniet quasi ea explicabo.', 1, '2018-09-16 00:42:14', '2018-09-16 00:42:14'),
(63, 5, 'Romaine Buckridge', 'Quasi accusantium voluptatibus dolor nulla aut ad qui. Corrupti fugit et sequi et ut dolore optio. Qui beatae ratione tempore omnis.', 2, '2018-09-16 00:42:14', '2018-09-16 00:42:14'),
(64, 1, 'Dr. Michel Ritchie', 'Dolorem saepe sit delectus consequatur consequatur. Et velit qui aut perferendis et assumenda nostrum. Odit in neque sed. Nam laboriosam mollitia quo magnam rerum.', 3, '2018-09-16 00:42:14', '2018-09-16 00:42:14'),
(65, 50, 'Nyah Steuber PhD', 'Quasi eveniet blanditiis quia aut. Sit exercitationem accusantium quaerat quo voluptates molestiae soluta. Voluptates et velit dolor veritatis.', 0, '2018-09-16 00:42:14', '2018-09-16 00:42:14'),
(66, 11, 'Junius Heaney', 'Et dolor earum quisquam voluptatem ducimus sed saepe ut. Nulla et blanditiis dolores aut qui. Quibusdam eos qui est qui dolor quod. Tenetur labore velit dolor corporis officiis maiores libero. Itaque modi ut quis et et incidunt.', 0, '2018-09-16 00:42:14', '2018-09-16 00:42:14'),
(67, 45, 'Alexzander Sawayn MD', 'Nemo tempora exercitationem explicabo et et ut. Fuga iusto quia nobis. Et assumenda dolor voluptatum ab nihil voluptate.', 0, '2018-09-16 00:42:14', '2018-09-16 00:42:14'),
(68, 10, 'Lilian Lubowitz', 'Molestiae magnam quaerat nesciunt labore. Consectetur quod minima voluptate quis ab assumenda veritatis rerum. Eius inventore nesciunt possimus reiciendis.', 4, '2018-09-16 00:42:15', '2018-09-16 00:42:15'),
(69, 14, 'Prof. Sammy Boyle', 'Consequatur voluptate impedit placeat laborum enim quaerat magnam. Dolor veniam in eum rerum blanditiis. Sit amet occaecati placeat exercitationem recusandae aspernatur.', 3, '2018-09-16 00:42:15', '2018-09-16 00:42:15'),
(70, 45, 'Ralph Stamm PhD', 'Veritatis sequi nemo dolorum eveniet ex. Commodi natus et voluptatem non sit sapiente veritatis. Reiciendis iste impedit natus placeat tempora eveniet voluptate. Hic omnis ab cumque.', 5, '2018-09-16 00:42:15', '2018-09-16 00:42:15'),
(71, 19, 'Ms. Janiya Turcotte PhD', 'Adipisci dolorem corporis sed est deserunt doloremque ut. In sit quam modi. Ipsam sunt rerum non. Natus aut voluptatem minima est ut doloribus.', 1, '2018-09-16 00:42:15', '2018-09-16 00:42:15'),
(72, 3, 'Haylie Hilpert', 'Dolor itaque necessitatibus rerum inventore officia architecto. Ducimus magnam ut voluptatem voluptas rerum. Exercitationem et totam laboriosam voluptate soluta et.', 0, '2018-09-16 00:42:15', '2018-09-16 00:42:15'),
(73, 12, 'Mr. Rowland Glover I', 'Aliquid ut excepturi quasi repudiandae vero maiores. Officiis enim laborum aspernatur ipsum. Voluptas nam quia excepturi consequatur repellat assumenda explicabo. Ad ut iusto eveniet enim aspernatur eveniet ex et.', 1, '2018-09-16 00:42:15', '2018-09-16 00:42:15'),
(74, 34, 'Rosario Wunsch', 'Optio pariatur dolorem assumenda quasi consequuntur. Dignissimos doloremque laboriosam omnis quia quis. Voluptatem quis porro praesentium consequatur ipsum quis aut. Consequatur esse aliquam consectetur repudiandae velit dolores. Eos est magnam et.', 2, '2018-09-16 00:42:15', '2018-09-16 00:42:15'),
(75, 40, 'Javon Dicki III', 'Corrupti vel facilis autem consectetur quibusdam consequuntur. Eos accusantium temporibus libero. Eum accusantium sunt velit consequatur quibusdam odit. Error qui tempora rerum at porro quos.', 0, '2018-09-16 00:42:15', '2018-09-16 00:42:15'),
(76, 34, 'Mr. Bertram Ferry II', 'Eaque nisi labore tempora itaque et maxime quis. Quaerat est excepturi sequi labore. Vero eos qui animi veritatis culpa aut id. Nisi inventore aliquid iusto pariatur animi et corporis.', 2, '2018-09-16 00:42:15', '2018-09-16 00:42:15'),
(77, 39, 'Miss Lexi Lubowitz III', 'Possimus architecto saepe rerum provident rerum. Quod aliquid in sint mollitia animi dignissimos occaecati. Velit laboriosam doloribus eius minima accusamus consequatur.', 0, '2018-09-16 00:42:15', '2018-09-16 00:42:15'),
(78, 43, 'Jasmin Lakin DDS', 'Magni molestiae aut dignissimos alias et ipsam a. Repudiandae rerum similique eum debitis sed. Ratione sint nesciunt ut. Voluptas facilis aut libero alias reiciendis unde nulla beatae.', 1, '2018-09-16 00:42:15', '2018-09-16 00:42:15'),
(79, 36, 'Marcelle Schuster', 'Totam laboriosam illo rerum corporis qui mollitia voluptatum commodi. Quidem enim repellat cum ut ut similique. Soluta aut voluptas qui odit et et sint. Quo id repellendus est fugiat quidem.', 2, '2018-09-16 00:42:15', '2018-09-16 00:42:15'),
(80, 29, 'Clemmie Gutmann', 'Possimus commodi voluptatibus et eaque. In officia ratione qui. Quisquam rerum quisquam est laboriosam quidem.', 1, '2018-09-16 00:42:15', '2018-09-16 00:42:15'),
(81, 47, 'Ms. Marjory Cronin II', 'Aut culpa nulla unde beatae cumque harum. Error facere nesciunt aperiam modi iusto sed iusto. Rerum ab tempora voluptatem necessitatibus ipsa possimus eos.', 2, '2018-09-16 00:42:15', '2018-09-16 00:42:15'),
(82, 26, 'Daniela Bruen', 'Eos temporibus non quia quos nobis ipsum quam a. Culpa iste esse error aut similique voluptatem. Ex possimus ut sed dolore ut. Sint aut consequatur consequatur reiciendis.', 2, '2018-09-16 00:42:15', '2018-09-16 00:42:15'),
(83, 28, 'Earlene Hahn IV', 'Reprehenderit voluptatibus commodi in accusantium consequuntur consequatur. Dolore quia inventore nemo. Dolores nemo voluptatem qui exercitationem et nemo. Quidem eveniet aut quia.', 4, '2018-09-16 00:42:15', '2018-09-16 00:42:15'),
(84, 9, 'Cale Lind', 'Sed voluptatem officiis placeat alias labore. Atque qui nesciunt a est voluptatibus magni. Pariatur dolor voluptates quia doloribus voluptas consequuntur rerum. Ex sint vel non molestiae.', 5, '2018-09-16 00:42:15', '2018-09-16 00:42:15'),
(85, 13, 'Charlie Bauch', 'Occaecati et ipsum aut. Eum distinctio quo beatae libero ut aut maiores eos. Distinctio consequuntur illo natus nesciunt.', 4, '2018-09-16 00:42:15', '2018-09-16 00:42:15'),
(86, 41, 'Abraham Pouros', 'Nihil voluptas est voluptate qui. Ipsa eaque quod sunt tempora aliquid.', 3, '2018-09-16 00:42:15', '2018-09-16 00:42:15'),
(87, 28, 'Lonie Feil', 'Quia ea repudiandae vitae esse nihil vero. Eos aut rerum tempore omnis ut itaque. Maiores culpa maxime quia et aliquid.', 5, '2018-09-16 00:42:15', '2018-09-16 00:42:15'),
(88, 42, 'Maia Adams II', 'Quisquam et consequuntur natus maiores commodi ullam. Rerum voluptas rerum blanditiis. Ut repudiandae iure sapiente. Aliquid ab possimus molestiae ut.', 3, '2018-09-16 00:42:15', '2018-09-16 00:42:15'),
(89, 27, 'Julie Berge', 'Corporis quam repudiandae beatae cumque libero ducimus saepe. Qui molestiae fuga aut quasi fuga. Earum minima sunt nam qui sapiente. Voluptatum quia omnis impedit iste alias assumenda.', 3, '2018-09-16 00:42:15', '2018-09-16 00:42:15'),
(90, 21, 'Elyssa Morar IV', 'Architecto repellendus distinctio quia facilis quibusdam earum eligendi assumenda. Ea aperiam quia numquam voluptates sint repudiandae. Et nostrum qui recusandae corrupti at totam ut.', 3, '2018-09-16 00:42:15', '2018-09-16 00:42:15'),
(91, 19, 'Vena O\'Hara', 'Sunt consectetur eveniet non ea qui quasi est. Ea totam amet saepe magnam qui voluptatibus. Tempora nihil repellat recusandae. Natus commodi et non est consequuntur dolorum.', 4, '2018-09-16 00:42:15', '2018-09-16 00:42:15'),
(92, 8, 'Gustave Huel DVM', 'Beatae labore dolorem autem nemo. Aliquid nam tempore voluptatum dolores. Qui necessitatibus quis qui aspernatur et. Et assumenda voluptates sed et iure. Aut laboriosam blanditiis quam modi animi fuga officia.', 5, '2018-09-16 00:42:15', '2018-09-16 00:42:15'),
(93, 2, 'Ms. Vesta Windler IV', 'Harum voluptatem ut quisquam quisquam sint eos ullam. Provident maiores soluta amet ipsam aut ipsum voluptas. Molestiae earum vel harum sequi qui quidem est.', 0, '2018-09-16 00:42:15', '2018-09-16 00:42:15'),
(94, 30, 'Mrs. Claudia Will', 'Sunt voluptatem voluptas voluptatibus iste ut. Atque omnis consectetur omnis molestias ullam. Eaque debitis quo iure officiis fuga ut exercitationem ea.', 4, '2018-09-16 00:42:15', '2018-09-16 00:42:15'),
(95, 21, 'Alvina Hoeger', 'Voluptatem ex omnis voluptatem ad. Et error autem rerum nesciunt quis et. Non optio odit expedita.', 4, '2018-09-16 00:42:15', '2018-09-16 00:42:15'),
(96, 29, 'Wilbert Ledner', 'Impedit hic accusantium eaque omnis perferendis. Aperiam occaecati voluptatem officiis asperiores.', 5, '2018-09-16 00:42:16', '2018-09-16 00:42:16'),
(97, 24, 'Brigitte Torp', 'Facilis et consequatur quis quis ut eos nam. Praesentium et qui ea aut numquam omnis magnam. Voluptatem distinctio distinctio commodi atque possimus omnis.', 5, '2018-09-16 00:42:16', '2018-09-16 00:42:16'),
(98, 4, 'Kelsi Langworth Jr.', 'At harum molestias dolor qui ab ipsum eum ut. Aperiam et recusandae et provident inventore accusantium. Nostrum rem exercitationem laborum aliquam modi eveniet voluptatum. Voluptatibus dolore molestiae dolores doloremque id dolor molestiae.', 3, '2018-09-16 00:42:16', '2018-09-16 00:42:16'),
(99, 41, 'Mr. Davion Schaden', 'Minima et molestiae quos minima accusamus voluptatem eos. Possimus incidunt reiciendis nostrum sed asperiores ut. Labore sed libero quia et quam et molestiae. Saepe saepe incidunt neque dignissimos et. Aut neque distinctio ipsum non porro reiciendis vel.', 5, '2018-09-16 00:42:16', '2018-09-16 00:42:16'),
(100, 34, 'Kip Cassin', 'Qui dolor aut distinctio laudantium aut consectetur sed. Possimus sint est optio aut. Nihil quae dolorem qui ratione autem quas. Dignissimos temporibus et omnis nemo architecto assumenda ut.', 4, '2018-09-16 00:42:16', '2018-09-16 00:42:16'),
(101, 41, 'Lurline Bauch', 'Sit facilis libero voluptatem debitis non numquam. Consequatur dolor eaque ipsam itaque quo voluptates corporis. Molestias id excepturi cumque nihil sit tenetur. Perferendis blanditiis esse sit sit laudantium recusandae.', 0, '2018-09-16 00:42:16', '2018-09-16 00:42:16'),
(102, 5, 'Nona Satterfield', 'Iste dolores reiciendis iure qui ex. Sed error ad eos eaque odio autem eos. Omnis dolores nulla sunt nobis qui mollitia. Cum reprehenderit doloribus at et magni.', 4, '2018-09-16 00:42:16', '2018-09-16 00:42:16'),
(103, 19, 'Rasheed Heaney', 'Iusto qui architecto explicabo fugiat commodi id officiis. Iusto non eum sit dolores quibusdam. Labore perspiciatis velit sed nisi et numquam.', 0, '2018-09-16 00:42:16', '2018-09-16 00:42:16'),
(104, 23, 'Martina Glover', 'Accusantium repudiandae cumque consectetur minima sit necessitatibus sit. Aliquam rerum numquam consequatur. Ea facere magni explicabo ad quia omnis.', 4, '2018-09-16 00:42:16', '2018-09-16 00:42:16'),
(105, 10, 'Arthur Funk PhD', 'Debitis natus exercitationem sint. Qui totam aut ipsam delectus ut vitae. Vel consequatur et nostrum ullam dignissimos non.', 4, '2018-09-16 00:42:16', '2018-09-16 00:42:16'),
(106, 1, 'Beaulah Brown', 'Et dignissimos voluptas consequatur non et. Est corrupti assumenda maxime et voluptatibus.', 0, '2018-09-16 00:42:16', '2018-09-16 00:42:16'),
(107, 1, 'Laurine Luettgen', 'Nisi repellendus neque enim dicta explicabo ipsum. Dolor consequatur in saepe sed sed mollitia. Provident repellendus tempore qui quas ducimus fugiat vel magnam. Sed culpa aliquid quaerat eligendi laborum.', 5, '2018-09-16 00:42:16', '2018-09-16 00:42:16'),
(108, 30, 'Eldridge Boyle', 'Aliquam consequatur ratione similique saepe. Dolore architecto vel ut. Illum sit ipsam vel occaecati. Ut autem possimus porro non illo minus aut.', 4, '2018-09-16 00:42:16', '2018-09-16 00:42:16'),
(109, 32, 'Dr. Edward Will IV', 'Animi error quo aperiam voluptas cum repellendus dolorem. Est et mollitia aut nostrum nemo earum. Maiores doloribus earum libero.', 2, '2018-09-16 00:42:16', '2018-09-16 00:42:16'),
(110, 11, 'Robyn Hahn', 'Occaecati nobis nisi voluptatem iusto. Voluptas dolorem aut est est. Vitae veniam unde et reiciendis quis earum et voluptate. Voluptatum mollitia placeat ut rerum dicta quaerat. Doloribus recusandae et autem saepe architecto itaque.', 5, '2018-09-16 00:42:16', '2018-09-16 00:42:16'),
(111, 47, 'Karina Haag', 'Laudantium voluptates porro voluptatem rerum distinctio veritatis. Delectus corporis deserunt voluptatem fuga eaque aut. Mollitia quo similique enim est hic ipsa debitis.', 0, '2018-09-16 00:42:16', '2018-09-16 00:42:16'),
(112, 30, 'Deshaun Schulist', 'Dolorem quos facilis ut illum repellendus porro. Et et soluta facere eos. Animi reiciendis esse eligendi inventore.', 3, '2018-09-16 00:42:16', '2018-09-16 00:42:16'),
(113, 2, 'Miss Mariam Welch', 'Earum suscipit molestias id fugit. Reiciendis exercitationem totam qui aut minima. Sit excepturi quas asperiores tempora. Qui aliquid pariatur quibusdam exercitationem iusto molestiae culpa saepe.', 1, '2018-09-16 00:42:16', '2018-09-16 00:42:16'),
(114, 24, 'Mr. Jay Streich', 'Quia earum voluptatem libero. Eaque a magni blanditiis libero et. Voluptatibus et et magnam labore qui. Nobis itaque porro sunt aut ipsam.', 0, '2018-09-16 00:42:16', '2018-09-16 00:42:16'),
(115, 45, 'Minnie Tillman', 'Voluptas atque accusamus enim cum blanditiis impedit aut. Ipsum repellendus optio non aut eius quos. Molestiae eum minima eius tempora accusamus voluptatum.', 0, '2018-09-16 00:42:16', '2018-09-16 00:42:16'),
(116, 10, 'Prof. Christophe Mills', 'Dolores debitis ea harum necessitatibus et. Non ea qui sunt placeat id quod earum. Quas vel eum explicabo voluptas. Placeat facere quidem ducimus deleniti quia laudantium.', 4, '2018-09-16 00:42:16', '2018-09-16 00:42:16'),
(117, 37, 'Tyson Baumbach', 'Maxime maiores aliquid perferendis ut officia. Explicabo magni repellat enim in quos voluptas iure. Asperiores temporibus quas molestiae esse.', 5, '2018-09-16 00:42:16', '2018-09-16 00:42:16'),
(118, 9, 'Lucie Kuhic', 'Non ut eveniet explicabo at eos nihil laboriosam id. Officia blanditiis non ipsam autem explicabo voluptates id. Esse dolores molestiae iusto.', 1, '2018-09-16 00:42:16', '2018-09-16 00:42:16'),
(119, 35, 'Mr. Abe Harvey', 'Excepturi assumenda vitae sequi totam aut. Maxime accusamus sed facilis eaque aliquam error nihil. Sapiente ex quo id animi facilis atque.', 2, '2018-09-16 00:42:16', '2018-09-16 00:42:16'),
(120, 18, 'Mrs. Laurianne Graham', 'Sed accusantium error nemo rerum. Odit praesentium animi voluptatibus laborum id necessitatibus eligendi. Rem beatae reprehenderit nihil qui optio. Laudantium dolorem recusandae voluptatem.', 0, '2018-09-16 00:42:16', '2018-09-16 00:42:16'),
(121, 46, 'Raegan Krajcik MD', 'Et dolores est nostrum repellendus animi fugit molestiae fugiat. Illum ut blanditiis reiciendis sed culpa fugit. Est nostrum et exercitationem modi atque iusto molestias laborum. Deserunt ut ducimus hic rerum.', 0, '2018-09-16 00:42:16', '2018-09-16 00:42:16'),
(122, 50, 'Jose Herzog', 'Voluptas ab maxime quibusdam adipisci quasi ex dolorem fugiat. Excepturi autem neque omnis aut optio ex vel.', 3, '2018-09-16 00:42:16', '2018-09-16 00:42:16'),
(123, 32, 'Terrance Treutel', 'Voluptate id porro ad laudantium qui aliquid id. Delectus veritatis voluptate sint optio et. Non ex id et sunt est quod.', 1, '2018-09-16 00:42:16', '2018-09-16 00:42:16'),
(124, 6, 'Mr. Kameron Sawayn', 'Non reiciendis aspernatur et aut quibusdam ipsum in odio. Qui adipisci numquam aut minima cupiditate officia. Facilis neque ratione officiis voluptas reiciendis dolores. Quod nam eos nesciunt nam.', 5, '2018-09-16 00:42:16', '2018-09-16 00:42:16'),
(125, 11, 'Katarina Dicki', 'Recusandae nobis autem repellendus necessitatibus est. Quod eos incidunt labore omnis ut. Id enim voluptatibus ducimus quia omnis et perferendis dolorem. Dolorem aliquid enim occaecati eveniet excepturi illo officia doloribus.', 0, '2018-09-16 00:42:16', '2018-09-16 00:42:16'),
(126, 31, 'Alvah Emard', 'Tenetur minus placeat omnis ipsa recusandae qui officiis. Consequatur doloribus quae esse est illum in impedit facilis. Aliquid modi similique et earum harum dicta.', 5, '2018-09-16 00:42:16', '2018-09-16 00:42:16'),
(127, 32, 'Deborah Ernser', 'Autem qui illum sunt sit. Aut nesciunt exercitationem rem. Voluptatem magnam quia dolor porro. Molestiae in ea consequatur ea cupiditate.', 3, '2018-09-16 00:42:17', '2018-09-16 00:42:17'),
(128, 8, 'Alvina Schumm', 'Aut enim consectetur cum officiis consequatur earum aliquam. Dolorem aut beatae voluptates sint. Iure asperiores molestiae vel incidunt id velit debitis.', 4, '2018-09-16 00:42:17', '2018-09-16 00:42:17'),
(129, 20, 'Regan Gutmann PhD', 'Vero et enim voluptatem ex cum ex tempore. Fugiat et eveniet perferendis repellat eos. Atque et dolor animi aut facilis.', 3, '2018-09-16 00:42:17', '2018-09-16 00:42:17'),
(130, 47, 'Dayana Yundt', 'Id praesentium sed nulla officia cupiditate aut harum. Quia totam ab et iste aut quia. Alias ipsum aut nihil totam. Illo consequatur repellat in.', 3, '2018-09-16 00:42:17', '2018-09-16 00:42:17'),
(131, 5, 'Ms. Dianna Auer Jr.', 'Quae tempora laudantium veniam est quia eligendi. Qui numquam voluptatem quas aspernatur voluptatem. Ut exercitationem amet et omnis est quia voluptatem aperiam.', 3, '2018-09-16 00:42:17', '2018-09-16 00:42:17'),
(132, 43, 'Dr. Alexandro Abshire II', 'Minima fugit consequatur nemo rerum. Aut corporis in accusamus qui nesciunt inventore molestias aut. Vero molestiae quia distinctio. Quae consequatur aut praesentium fugit.', 0, '2018-09-16 00:42:17', '2018-09-16 00:42:17'),
(133, 2, 'Dr. Julianne Terry DVM', 'Velit quod ipsum rerum consectetur consequatur illum. Molestiae ducimus veritatis iure nostrum repellendus. Eius quisquam et optio. Aspernatur in atque veniam provident.', 4, '2018-09-16 00:42:17', '2018-09-16 00:42:17'),
(134, 35, 'Cathy Parker Sr.', 'Facilis quas id odio ab. Saepe nesciunt reiciendis repudiandae provident distinctio. Vitae modi quos quia minima sit.', 5, '2018-09-16 00:42:17', '2018-09-16 00:42:17'),
(135, 37, 'Gianni Tremblay', 'Accusamus quisquam et velit vel porro voluptatum assumenda excepturi. Voluptates consequatur tempora asperiores qui. Et placeat ut atque quo dolorum sed sapiente. Et sequi quia in ut. Laudantium quo cum et quas commodi accusamus.', 0, '2018-09-16 00:42:17', '2018-09-16 00:42:17'),
(136, 22, 'Delta Kulas Jr.', 'Modi sed recusandae repellat autem. Facilis nulla ipsum autem beatae voluptatibus praesentium quaerat. Neque ut praesentium illo eos.', 5, '2018-09-16 00:42:17', '2018-09-16 00:42:17'),
(137, 31, 'Chasity Okuneva', 'Consequuntur a et itaque sit cupiditate numquam. Et cumque nihil architecto consequatur doloremque. Voluptate necessitatibus est veritatis voluptates qui.', 4, '2018-09-16 00:42:17', '2018-09-16 00:42:17'),
(138, 28, 'Stacy Fadel', 'Vero consequatur magni eos ut sint. Ratione voluptatum esse ut harum sit ipsam facilis. Omnis minus deserunt ut aut quia possimus fugiat adipisci. Aut et non pariatur.', 3, '2018-09-16 00:42:17', '2018-09-16 00:42:17'),
(139, 49, 'Marguerite Brown', 'Quia nesciunt et labore dolores nesciunt facilis tenetur. Commodi sapiente placeat temporibus quia facere aut ipsum molestias. Dolor consequatur ut perferendis veniam ut. Ipsum omnis adipisci ducimus quia.', 4, '2018-09-16 00:42:17', '2018-09-16 00:42:17'),
(140, 1, 'Arjun Hickle', 'Quaerat et voluptatibus repudiandae ut quis. Nulla ad sit nihil velit dignissimos ab in. Ex sint doloremque exercitationem quo. Eius perspiciatis cum laboriosam natus.', 2, '2018-09-16 00:42:17', '2018-09-16 00:42:17'),
(141, 35, 'Jake Quigley III', 'Expedita est accusamus omnis quia. Distinctio laudantium velit repudiandae a eius assumenda et saepe. Modi et illum porro ducimus.', 3, '2018-09-16 00:42:17', '2018-09-16 00:42:17'),
(142, 2, 'Seamus Murazik', 'Sapiente explicabo quaerat est sed aliquid. Dicta quos aut ut animi deserunt nihil. Ducimus ratione consequuntur nesciunt ipsa. Molestias temporibus maiores ducimus enim omnis illo perspiciatis dolores. Minima commodi quas autem autem porro et.', 3, '2018-09-16 00:42:17', '2018-09-16 00:42:17'),
(143, 45, 'Dell Flatley', 'Rerum aperiam nihil quis dolorum vero beatae. Et quae nostrum omnis quasi tempore aut facere. Facere temporibus praesentium laboriosam earum minima et aliquam. Et dolor explicabo id consequatur dolore quaerat dignissimos saepe.', 3, '2018-09-16 00:42:17', '2018-09-16 00:42:17'),
(144, 17, 'Miss Tyra Adams', 'Quia dolorum porro amet nemo magni possimus. Consequatur facilis ea rerum et sequi voluptatem aut. Alias odio dolores qui sunt sunt.', 2, '2018-09-16 00:42:17', '2018-09-16 00:42:17'),
(145, 23, 'Madie Gleason Jr.', 'Natus ea sint est et recusandae omnis id. Sed rerum est ut distinctio aut. Hic est ullam in reiciendis provident natus est nulla. Atque quia quo veritatis quis dolores.', 5, '2018-09-16 00:42:17', '2018-09-16 00:42:17'),
(146, 45, 'Ashlee Runte', 'Mollitia qui quasi similique cupiditate repellendus ea dicta nemo. Deleniti et nisi dolorem illum nihil error. Magnam odio asperiores iusto sit. Placeat autem sit id quia id sed.', 4, '2018-09-16 00:42:17', '2018-09-16 00:42:17'),
(147, 22, 'Mrs. Itzel Schinner DVM', 'Itaque fugit animi nobis non magnam vel. Et quos animi earum nobis. Nulla quos aut temporibus tenetur id blanditiis.', 5, '2018-09-16 00:42:17', '2018-09-16 00:42:17'),
(148, 21, 'Eva Tillman', 'Expedita doloremque veritatis et harum adipisci et exercitationem. Occaecati quaerat quis porro reiciendis. Necessitatibus voluptas consequuntur quo aperiam veritatis est molestiae voluptate. Recusandae et exercitationem rerum provident sint. Magni explicabo sint eum sint distinctio.', 0, '2018-09-16 00:42:17', '2018-09-16 00:42:17'),
(149, 38, 'Arielle Aufderhar', 'Molestiae saepe porro quia vel rem voluptatem velit. Vitae ab distinctio nostrum. Blanditiis quis mollitia ut quisquam aperiam quod et.', 0, '2018-09-16 00:42:17', '2018-09-16 00:42:17'),
(150, 34, 'Jack Auer', 'Commodi esse provident animi hic ex repellendus accusamus. Blanditiis laudantium molestias recusandae voluptate molestiae occaecati fugit. Et id ut id ut. Est sed et laudantium nostrum porro perferendis.', 2, '2018-09-16 00:42:17', '2018-09-16 00:42:17'),
(151, 2, 'Jannie West', 'Rerum quibusdam illum modi. Deserunt illum ab eligendi vitae rerum veritatis qui incidunt. Vel ipsam occaecati quae neque rerum.', 5, '2018-09-16 00:42:17', '2018-09-16 00:42:17'),
(152, 10, 'Kane Sipes', 'Minima consequuntur perferendis ipsum cupiditate quisquam dignissimos. Minus aut qui dignissimos aut cumque voluptas. Ut ad voluptatem velit dolore. Ipsum numquam eos magnam nihil ex deserunt.', 2, '2018-09-16 00:42:17', '2018-09-16 00:42:17'),
(153, 35, 'Estell Little', 'Ut sit aut ipsum quia. Aut ipsam placeat odio esse in. Amet assumenda tempore exercitationem ut. Aut qui non unde quo architecto rerum.', 0, '2018-09-16 00:42:17', '2018-09-16 00:42:17'),
(154, 37, 'Johnpaul Botsford', 'Molestiae cum expedita quas fuga delectus. Similique labore dolore ullam totam beatae placeat. Architecto sed aut occaecati autem iusto eius at recusandae.', 3, '2018-09-16 00:42:17', '2018-09-16 00:42:17'),
(155, 30, 'Evert Friesen', 'Qui nemo velit magnam iusto provident. Totam natus omnis magnam quod harum fugiat quo. Eius quos quia nam nobis laborum ut.', 2, '2018-09-16 00:42:18', '2018-09-16 00:42:18'),
(156, 39, 'Elliot Renner', 'Corporis voluptas inventore autem consequatur adipisci doloribus. Numquam vitae sed maiores id odio non porro laborum. Est magni tempora rerum voluptatibus sint. Necessitatibus sed et ducimus neque.', 0, '2018-09-16 00:42:18', '2018-09-16 00:42:18'),
(157, 26, 'Moises Bailey', 'Ullam in quia iste voluptatem ea. Recusandae quam similique consequatur architecto necessitatibus nobis rerum commodi. Assumenda quo at voluptatem a exercitationem quidem velit. Assumenda repellendus totam iusto aut praesentium voluptatem et. Adipisci sit qui enim autem ea officia.', 3, '2018-09-16 00:42:18', '2018-09-16 00:42:18'),
(158, 48, 'Jessika Shanahan', 'Nostrum quasi illo hic assumenda deserunt. Odit enim consequatur sint. Ipsa iusto nam quas quod odit alias inventore in. At dicta voluptatum qui inventore expedita nesciunt.', 4, '2018-09-16 00:42:18', '2018-09-16 00:42:18'),
(159, 28, 'Daisha King', 'Sequi reprehenderit est tempora quia ut. Blanditiis tenetur velit ea deleniti corrupti qui. Ut aut aliquam ducimus a similique quos.', 3, '2018-09-16 00:42:18', '2018-09-16 00:42:18'),
(160, 25, 'Prof. Wilbert Walsh II', 'Nemo rerum necessitatibus quibusdam quasi et ex. Saepe animi consectetur eius similique ad aut.', 5, '2018-09-16 00:42:18', '2018-09-16 00:42:18'),
(161, 44, 'Elias Pfannerstill', 'Accusamus iusto earum ipsa vel fugiat quod saepe. Rerum temporibus in eveniet. In maxime excepturi autem molestiae et.', 5, '2018-09-16 00:42:18', '2018-09-16 00:42:18'),
(162, 36, 'Eleazar Koelpin', 'Qui similique quia quis omnis quibusdam. Distinctio optio consequatur qui dolores sed explicabo molestiae. Voluptates sit corrupti suscipit dolorem dignissimos.', 0, '2018-09-16 00:42:18', '2018-09-16 00:42:18'),
(163, 9, 'Lily DuBuque', 'Consequatur aut voluptatem quae voluptates reprehenderit. Maiores adipisci numquam quas commodi facilis facilis. Aut ipsa possimus earum quis iste. Quaerat minus enim earum repellendus sequi explicabo autem.', 1, '2018-09-16 00:42:18', '2018-09-16 00:42:18'),
(164, 3, 'Arely Zboncak', 'Porro aspernatur suscipit sunt. Nulla asperiores voluptates aperiam. Temporibus rerum voluptatem animi. Ut a inventore in distinctio omnis deserunt aliquid.', 5, '2018-09-16 00:42:18', '2018-09-16 00:42:18'),
(165, 37, 'Lynn Haley', 'Blanditiis dolorem facere et consequatur nihil facilis consequuntur. Ratione aliquam ut excepturi laboriosam reprehenderit. Deserunt qui aliquam itaque consequatur. Ullam voluptatum aliquam occaecati amet quas id voluptatem.', 4, '2018-09-16 00:42:18', '2018-09-16 00:42:18'),
(166, 16, 'Montana Streich', 'Illo est qui ipsam reprehenderit aspernatur aspernatur laudantium. Ut magni ullam deserunt. Quia alias quibusdam mollitia voluptatem impedit voluptatem explicabo. Quia suscipit voluptatem magni doloremque voluptas ut culpa id. Quia sunt mollitia dignissimos quia.', 3, '2018-09-16 00:42:18', '2018-09-16 00:42:18'),
(167, 19, 'Jammie Lynch', 'Aut est quia et ut. Cum necessitatibus officia eveniet debitis id in excepturi eius.', 1, '2018-09-16 00:42:18', '2018-09-16 00:42:18'),
(168, 37, 'Alfredo Walter', 'Et tempore accusamus velit aspernatur sunt iste. Consequuntur sed repellendus nihil sed consequuntur perspiciatis explicabo. Iste illum dicta quae laudantium.', 5, '2018-09-16 00:42:18', '2018-09-16 00:42:18'),
(169, 18, 'Gerald Ratke', 'Mollitia voluptas quis et quibusdam eum. Commodi ut possimus quia deleniti earum repellat. Quas velit beatae esse rem libero et vero. Voluptate sint magni consectetur explicabo hic nesciunt. Eligendi temporibus voluptatem praesentium itaque officiis aperiam odio.', 0, '2018-09-16 00:42:18', '2018-09-16 00:42:18'),
(170, 9, 'Raymundo Leannon', 'Quia exercitationem eum consequuntur quos error praesentium quod. Ratione voluptas ducimus consequatur dicta recusandae ad debitis fuga. Omnis non perspiciatis quam consequatur eum tempore. Et incidunt consectetur earum nihil quidem sed sit.', 2, '2018-09-16 00:42:18', '2018-09-16 00:42:18'),
(171, 27, 'Miss Iva Collins', 'Nesciunt voluptas quam voluptatem. Et qui ab nihil. Voluptatum repellat eum sed quidem. Veniam magnam enim ut possimus.', 2, '2018-09-16 00:42:18', '2018-09-16 00:42:18'),
(172, 47, 'Carlo Legros V', 'Eveniet omnis sit eligendi. Repellat quisquam saepe pariatur enim eos quia nesciunt. In eum magni sit ab dolores. Dolor molestiae odio illo aspernatur sunt quia.', 2, '2018-09-16 00:42:18', '2018-09-16 00:42:18'),
(173, 45, 'Dr. Alfred Jaskolski IV', 'Consequatur enim qui magnam sed esse non sint. Fugiat voluptas et est eligendi sit. Blanditiis repudiandae id impedit ut et dolorem itaque. Architecto illum neque rerum dolorem animi. Sed nisi sapiente dolores quod et consequatur ut.', 4, '2018-09-16 00:42:18', '2018-09-16 00:42:18'),
(174, 49, 'Fern Leuschke', 'Voluptas voluptatum delectus architecto sed dolorum ut. Voluptas ut placeat dolor. Quod et nobis aspernatur quaerat quasi. Iste harum porro itaque porro id.', 3, '2018-09-16 00:42:18', '2018-09-16 00:42:18'),
(175, 29, 'Prof. Halie Metz', 'Ut est necessitatibus repudiandae quia. Autem consectetur consequatur repellat. Ut ipsa temporibus enim consequatur. Voluptatem enim quia sint fugit temporibus est natus voluptate.', 0, '2018-09-16 00:42:18', '2018-09-16 00:42:18'),
(176, 26, 'Gilbert Dickens', 'Eum molestiae sunt omnis assumenda. Corporis amet consequatur voluptatem vel in quia distinctio. Sit corrupti aut voluptatem. Aliquam placeat odit inventore in nihil sed.', 5, '2018-09-16 00:42:18', '2018-09-16 00:42:18'),
(177, 34, 'Dominic Hessel', 'Molestias dolore aut voluptatem esse rerum. Recusandae illum ipsa dicta. Tenetur aut quia doloribus pariatur qui sunt explicabo. Voluptates inventore cumque at quas amet voluptatum voluptas.', 4, '2018-09-16 00:42:18', '2018-09-16 00:42:18'),
(178, 3, 'Mrs. Hilda Ortiz MD', 'Sunt adipisci fuga quibusdam sequi doloremque nemo eligendi. Reprehenderit architecto esse eligendi provident autem velit mollitia inventore. Optio ea vitae architecto laborum omnis et libero. Repellendus impedit molestiae nemo cum illo a. Nihil aperiam neque corrupti amet quisquam.', 4, '2018-09-16 00:42:18', '2018-09-16 00:42:18'),
(179, 25, 'Amalia Lindgren', 'Sunt possimus possimus libero omnis nulla. Possimus vel quia adipisci eum aspernatur. Sequi officia et rem. Ut et est qui ut minima sed ullam.', 4, '2018-09-16 00:42:18', '2018-09-16 00:42:18'),
(180, 23, 'Maud Mosciski', 'Quis vitae rerum maiores omnis temporibus ipsa culpa. Illo facilis velit sapiente. Alias et earum repudiandae ut. Molestias molestias et aliquid recusandae officia sit.', 0, '2018-09-16 00:42:18', '2018-09-16 00:42:18'),
(181, 16, 'Dr. Veda Welch Sr.', 'Alias asperiores laboriosam quas dolorem. Iste temporibus voluptates laborum consequatur. Sed aut eos eum assumenda fuga. Doloremque sed ut vel ipsam. Id beatae autem quidem aut.', 1, '2018-09-16 00:42:18', '2018-09-16 00:42:18'),
(182, 17, 'Prof. Winifred Predovic I', 'Enim animi fugit numquam ipsa et pariatur voluptate. Ut aliquam quis voluptate ab quos nobis vel. Dolorem eum iure rerum non nihil fugiat accusantium. Facere tempora sequi tenetur provident repellat neque voluptatem.', 3, '2018-09-16 00:42:18', '2018-09-16 00:42:18'),
(183, 3, 'Prof. Kale Okuneva I', 'Illo consequatur nihil quis ducimus nihil laboriosam assumenda. Sunt dicta voluptates enim magni aut. Quia necessitatibus animi aliquam vero.', 1, '2018-09-16 00:42:18', '2018-09-16 00:42:18'),
(184, 20, 'Carson Botsford', 'Incidunt ad nobis aperiam iste ut velit molestiae totam. Id et fugiat qui in possimus ex. Est qui sapiente ducimus deserunt. Animi tempora ea quia sequi. Accusantium sequi omnis quia quasi beatae ratione accusantium.', 0, '2018-09-16 00:42:19', '2018-09-16 00:42:19'),
(185, 37, 'Rodolfo Friesen', 'Voluptates veniam cumque laboriosam quae fugiat. Id facere sit sunt beatae reiciendis. Saepe odit commodi facilis quibusdam fugit consectetur quaerat animi.', 1, '2018-09-16 00:42:19', '2018-09-16 00:42:19'),
(186, 2, 'Prof. Kyler Kozey', 'Cumque saepe numquam cumque. Id qui aliquam aut consequatur. Voluptatibus architecto ipsa ut qui vel dolore. Ipsam quia minus omnis nisi. Doloremque enim voluptatem veniam fuga.', 4, '2018-09-16 00:42:19', '2018-09-16 00:42:19'),
(187, 11, 'Garrett Parisian', 'Molestiae voluptas recusandae molestiae dicta est. Nostrum totam et saepe assumenda qui accusantium. A itaque accusamus magnam.', 1, '2018-09-16 00:42:19', '2018-09-16 00:42:19'),
(188, 20, 'Prof. Emanuel Hammes Jr.', 'Unde id corrupti ea tempore odit eaque. Accusamus expedita dolor non ea consequatur. Exercitationem velit et laborum repellat.', 2, '2018-09-16 00:42:19', '2018-09-16 00:42:19'),
(189, 33, 'Blaise Kemmer I', 'Laboriosam possimus occaecati incidunt id. Fugit voluptate eum id quibusdam sapiente omnis consectetur. Eum quibusdam qui amet dolor incidunt.', 2, '2018-09-16 00:42:19', '2018-09-16 00:42:19'),
(190, 10, 'Dr. Antonia Casper', 'Et numquam eum et totam. Et rerum rerum quia sed. Ut deserunt qui sit id adipisci et voluptatum. Numquam ut laboriosam qui cupiditate. Ea fugit dolorem aliquam nihil ut ab.', 1, '2018-09-16 00:42:19', '2018-09-16 00:42:19'),
(191, 30, 'Amaya Grant', 'Id sit earum vel optio ab voluptate. Voluptatum non dolores dolore officiis ducimus repudiandae animi qui. Vel corporis culpa doloremque. In sed dolorem aut vel fugiat labore soluta. Magnam omnis iure sit itaque ea eum.', 3, '2018-09-16 00:42:19', '2018-09-16 00:42:19'),
(192, 29, 'Theresa Strosin MD', 'Qui voluptatem suscipit natus odit. Quidem saepe consequatur ullam architecto ut facere. Minima itaque nihil corporis in suscipit architecto temporibus. At sequi ut consequatur a quia.', 2, '2018-09-16 00:42:19', '2018-09-16 00:42:19'),
(193, 20, 'Elton Mertz II', 'Ut voluptatibus odio cumque quae et nisi. Non aut aut possimus aut dicta quibusdam labore. Rem est facilis veniam voluptate sit reprehenderit quaerat aut. Iste ipsam quia voluptatem repudiandae.', 4, '2018-09-16 00:42:19', '2018-09-16 00:42:19'),
(194, 25, 'Dr. Mohammed Reichert', 'Eum alias voluptas ut non dolore vel dolores unde. Ipsum est iusto consequatur assumenda veniam. Odit vel libero fuga velit pariatur consequatur.', 0, '2018-09-16 00:42:19', '2018-09-16 00:42:19'),
(195, 41, 'Elena Gaylord I', 'Vero quia non eos repellendus cum laboriosam. Ipsum dolores similique quo velit fugiat. Et enim voluptate voluptatem.', 5, '2018-09-16 00:42:19', '2018-09-16 00:42:19'),
(196, 4, 'Mr. Leopold Purdy', 'Voluptatibus est voluptatem illo culpa nam. Assumenda sunt sit pariatur sed. Et omnis nihil dolores magnam mollitia dignissimos quia dolorem.', 2, '2018-09-16 00:42:19', '2018-09-16 00:42:19'),
(197, 9, 'Fleta Crooks', 'Officiis perferendis fugit aut qui qui. Aut et earum recusandae non molestiae. Eos perspiciatis unde aut ex placeat. Molestiae rerum earum sit quia et voluptatem enim.', 2, '2018-09-16 00:42:19', '2018-09-16 00:42:19'),
(198, 2, 'Henry Medhurst', 'Earum quis provident qui quae sed. Repellat pariatur qui qui ipsum. Nam et veniam laudantium adipisci enim.', 0, '2018-09-16 00:42:19', '2018-09-16 00:42:19'),
(199, 46, 'Fatima Wuckert', 'Et quidem minima ducimus. Numquam provident et culpa itaque minima et. Labore dolorum similique consequatur dolore. Doloremque et laudantium perferendis.', 5, '2018-09-16 00:42:19', '2018-09-16 00:42:19'),
(200, 33, 'Cecil Howell', 'Enim sint est incidunt fugiat et. Aspernatur aut rerum voluptas atque. Consequuntur illum incidunt quod iusto animi. Est placeat sed quis exercitationem molestias reiciendis ipsa.', 1, '2018-09-16 00:42:19', '2018-09-16 00:42:19'),
(201, 20, 'Kole Reynolds', 'Saepe itaque inventore quae voluptatem. Reiciendis alias voluptatibus quidem accusamus non quod sint reprehenderit. Enim quidem ea illo exercitationem. Quod consequatur et id ea doloremque.', 3, '2018-09-16 00:42:19', '2018-09-16 00:42:19'),
(202, 5, 'Mortimer Bruen II', 'Facilis molestiae sed atque sit. Rerum dolorem et error a. Autem unde incidunt architecto molestiae non.', 0, '2018-09-16 00:42:19', '2018-09-16 00:42:19'),
(203, 4, 'Eveline Mills', 'Harum sed magni ut. Culpa expedita vitae aliquam dicta molestias molestiae. Exercitationem maiores beatae consequuntur.', 2, '2018-09-16 00:42:19', '2018-09-16 00:42:19'),
(204, 25, 'Dr. Abner White', 'A rerum vero consectetur harum necessitatibus. Et ut autem tenetur occaecati accusamus nisi odio a. Et qui impedit perferendis enim. Ut vel repellendus et molestias officia ducimus deserunt nam.', 4, '2018-09-16 00:42:19', '2018-09-16 00:42:19');
INSERT INTO `reviews` (`id`, `product_id`, `customer`, `review`, `star`, `created_at`, `updated_at`) VALUES
(205, 26, 'Alison Ferry', 'Cupiditate cum totam rem vero voluptatibus tempora eum. Qui velit autem repudiandae error doloremque. Quis saepe quam autem adipisci beatae. Nobis dolor alias voluptatum molestiae ea.', 4, '2018-09-16 00:42:19', '2018-09-16 00:42:19'),
(206, 38, 'Phoebe Kulas', 'Quas nihil sint ut laboriosam. Maiores repudiandae quia ex quos et praesentium rerum.', 2, '2018-09-16 00:42:19', '2018-09-16 00:42:19'),
(207, 2, 'Norberto Bode IV', 'Provident labore alias doloremque totam. Et sunt et ut animi. Ex quam reiciendis necessitatibus provident odit. Dolorem aut nobis consequatur quia nostrum et accusamus doloribus.', 3, '2018-09-16 00:42:19', '2018-09-16 00:42:19'),
(208, 6, 'Brendan Dach', 'Molestias ad aut non minima et id. Voluptatem odio consequatur eaque aut animi. Et qui enim dolorem et molestiae. Beatae inventore et repudiandae recusandae ipsam.', 2, '2018-09-16 00:42:19', '2018-09-16 00:42:19'),
(209, 33, 'Prof. Abagail Witting', 'Omnis cumque rerum quaerat consequatur recusandae excepturi. Et et similique excepturi id molestias qui. In laborum iusto aspernatur fugiat. Sit impedit maxime aut maiores beatae non.', 4, '2018-09-16 00:42:19', '2018-09-16 00:42:19'),
(210, 35, 'Lamont Kutch', 'Deserunt animi in velit corporis quidem. Totam est autem et quo. Velit corrupti illo dolores. Blanditiis voluptas excepturi quisquam voluptas illum.', 3, '2018-09-16 00:42:19', '2018-09-16 00:42:19'),
(211, 16, 'Dr. Elinore Lebsack', 'Blanditiis nisi illum explicabo odio adipisci. Natus rem quam unde laborum hic aliquid. Nostrum consectetur autem minima saepe aut incidunt rem dolor.', 4, '2018-09-16 00:42:19', '2018-09-16 00:42:19'),
(212, 30, 'Prof. Emmanuel Lebsack III', 'Nihil eligendi aut aut asperiores dolores fugiat. Minima dicta sint ut eum placeat quae. Quia omnis dolores facilis aut voluptas repudiandae accusantium.', 4, '2018-09-16 00:42:19', '2018-09-16 00:42:19'),
(213, 29, 'Kavon Bashirian', 'Laboriosam enim qui molestiae tenetur. Voluptatibus consequatur molestiae ad aperiam rerum veniam.', 3, '2018-09-16 00:42:19', '2018-09-16 00:42:19'),
(214, 8, 'Terrell Toy', 'Aut consequuntur quo nisi est corporis. Velit ut qui sit. Molestiae corrupti atque quam id consequatur cumque nihil. Et enim ut ullam reprehenderit dolorum tempora. Aut corporis quos mollitia minima eligendi recusandae.', 2, '2018-09-16 00:42:20', '2018-09-16 00:42:20'),
(215, 8, 'Camryn Batz', 'Eaque voluptatem cum repellat quo. Labore id quaerat nulla sunt repellat. Ut at non qui consequuntur dicta laborum id aut. Et rerum vel aut error omnis. Aperiam quia minima pariatur pariatur.', 3, '2018-09-16 00:42:20', '2018-09-16 00:42:20'),
(216, 45, 'Brandy Corkery', 'Eius et ut odit dignissimos nesciunt. Earum accusantium autem non qui cum. Nesciunt id exercitationem eligendi non nam sed hic.', 0, '2018-09-16 00:42:20', '2018-09-16 00:42:20'),
(217, 28, 'Shirley Schneider PhD', 'Porro magnam illum maiores est ipsa expedita. Non repudiandae vel quo culpa sapiente. Sint nisi dolor voluptas qui deserunt minima animi quia. Perspiciatis dicta voluptas voluptas ea. Praesentium non facilis blanditiis ab pariatur ut sint.', 5, '2018-09-16 00:42:20', '2018-09-16 00:42:20'),
(218, 35, 'Buck Bode', 'Dicta dolores cupiditate cumque sit odit aspernatur omnis. Dicta a qui quis harum ad neque. Est harum molestias eaque magni.', 5, '2018-09-16 00:42:20', '2018-09-16 00:42:20'),
(219, 7, 'Dr. Kasandra Jacobson MD', 'Maxime aspernatur ea provident et labore. Quibusdam culpa aut voluptates porro.', 2, '2018-09-16 00:42:20', '2018-09-16 00:42:20'),
(220, 39, 'Cecil Ankunding IV', 'Et esse qui non quod assumenda eveniet. Autem porro et est. Quidem enim explicabo nulla harum. Non molestiae repudiandae rerum dolorem nisi. Voluptate sit blanditiis voluptas impedit est sed.', 1, '2018-09-16 00:42:20', '2018-09-16 00:42:20'),
(221, 35, 'Mrs. Krista Braun MD', 'Aut est cupiditate quae explicabo aliquid. Molestias consequatur sit atque tempore rerum. In adipisci aliquam mollitia consequatur maxime eos ducimus aut.', 3, '2018-09-16 00:42:20', '2018-09-16 00:42:20'),
(222, 29, 'Ms. Asa Lesch III', 'Dignissimos rerum numquam qui alias nihil nostrum sit minus. Exercitationem repudiandae vel eos sit molestias. Quaerat quis rerum voluptatum facere ut iusto.', 1, '2018-09-16 00:42:20', '2018-09-16 00:42:20'),
(223, 25, 'Lilian Gleason MD', 'Atque est est veniam. Sit possimus sapiente magnam. Assumenda ut blanditiis nulla repudiandae qui.', 2, '2018-09-16 00:42:20', '2018-09-16 00:42:20'),
(224, 48, 'Michaela Howe PhD', 'Officiis provident libero dolor nulla aut aut. Veniam quia dolorem exercitationem nesciunt ab sit eaque. Eum eligendi et rerum iure sit. Delectus dicta natus quod sed porro eum delectus.', 2, '2018-09-16 00:42:20', '2018-09-16 00:42:20'),
(225, 21, 'Mr. Orion Nikolaus', 'Non necessitatibus voluptas nisi et labore reiciendis quia. Fugiat aut ab assumenda quasi sed possimus impedit. Accusantium et et qui architecto. Aliquam non natus voluptates omnis. Sapiente dolores reprehenderit et voluptatem deleniti consequatur.', 5, '2018-09-16 00:42:20', '2018-09-16 00:42:20'),
(226, 4, 'Izabella Goyette', 'Voluptatem repellat voluptas et libero odit velit provident. Fuga impedit vero doloremque vero. Rerum excepturi vero quia alias veniam exercitationem necessitatibus. Culpa est fugiat ullam impedit eos dolore autem. Eum qui blanditiis non quaerat nobis.', 5, '2018-09-16 00:42:20', '2018-09-16 00:42:20'),
(227, 6, 'Noemy Kohler', 'Nemo eos reiciendis maiores officiis quo molestiae expedita. Rem in exercitationem in.', 5, '2018-09-16 00:42:20', '2018-09-16 00:42:20'),
(228, 28, 'Miss Vida Huel V', 'Sit deleniti iste reprehenderit veritatis excepturi quia voluptas. Dolore tempore dolorum ducimus occaecati porro. Debitis rem eligendi aut atque porro. Ut porro eaque impedit amet.', 1, '2018-09-16 00:42:20', '2018-09-16 00:42:20'),
(229, 20, 'Carlo Jaskolski', 'Blanditiis quaerat ut doloribus earum ducimus. Possimus vel quia excepturi velit. Repudiandae atque suscipit explicabo iure tempore quidem. Ut illo cum commodi rerum voluptas sint.', 2, '2018-09-16 00:42:20', '2018-09-16 00:42:20'),
(230, 1, 'Eli Spencer DDS', 'Molestias laboriosam sapiente laboriosam maxime. Voluptatum dolor accusantium pariatur aut. Nihil adipisci id unde reprehenderit eaque. Asperiores occaecati id eligendi aut officia perferendis blanditiis.', 0, '2018-09-16 00:42:20', '2018-09-16 00:42:20'),
(231, 35, 'Melyna Jenkins', 'Molestiae doloribus totam eum ipsa quo voluptas. Placeat non non recusandae corporis eos quia officia nisi. Eaque adipisci harum architecto tempore alias dolor tempora. Et commodi fugit earum dolores quasi.', 5, '2018-09-16 00:42:20', '2018-09-16 00:42:20'),
(232, 37, 'Lessie Okuneva', 'Et consequuntur minus et autem aut sequi at quas. Quis aspernatur illum eos maiores. Facilis unde aspernatur rerum rerum. Omnis quis repellendus praesentium magni dignissimos officiis dolorem. Modi sed et cumque itaque quisquam fugiat minus hic.', 5, '2018-09-16 00:42:20', '2018-09-16 00:42:20'),
(233, 47, 'Kayleigh Hamill', 'Sit impedit omnis quaerat sed eius et dolore. Ullam nesciunt molestias adipisci beatae amet. Quia aut sed sit qui occaecati distinctio.', 2, '2018-09-16 00:42:20', '2018-09-16 00:42:20'),
(234, 20, 'Aisha Ryan MD', 'Est quibusdam accusantium ullam provident quasi. Aut quidem non magni earum dignissimos. Et a sunt animi consequatur.', 3, '2018-09-16 00:42:20', '2018-09-16 00:42:20'),
(235, 31, 'Mrs. Jade Rippin', 'Hic ut fugit rerum provident rerum sequi ullam. Fugiat nobis assumenda architecto nam nam eius asperiores. Voluptatem deleniti accusantium et neque.', 5, '2018-09-16 00:42:20', '2018-09-16 00:42:20'),
(236, 8, 'Gustave Botsford III', 'Quibusdam quod nostrum earum qui provident. Dolor temporibus est et dignissimos autem sapiente. Sunt aliquid sit repellendus quis hic.', 1, '2018-09-16 00:42:20', '2018-09-16 00:42:20'),
(237, 18, 'Valerie Hodkiewicz', 'Eos velit neque est facere illo. Quo sed enim a ut corporis magnam. Voluptatem dolorem dolorem qui a placeat nostrum.', 5, '2018-09-16 00:42:20', '2018-09-16 00:42:20'),
(238, 9, 'Armando Langosh', 'Quam sapiente non qui sed. Tenetur et possimus laudantium autem delectus dolores et. Libero ea et nemo repellat unde in unde.', 5, '2018-09-16 00:42:20', '2018-09-16 00:42:20'),
(239, 33, 'Eldora Ortiz', 'Perspiciatis tempora eos quis at. Autem nostrum est eius dolores non eos et.', 5, '2018-09-16 00:42:20', '2018-09-16 00:42:20'),
(240, 26, 'Paxton Olson', 'Quos tempore et eaque. Dolor enim sunt expedita autem quia sed et. Excepturi totam cum ab sed repudiandae fuga. Sit et culpa explicabo porro ab veritatis assumenda.', 0, '2018-09-16 00:42:20', '2018-09-16 00:42:20'),
(241, 44, 'Bridgette Lubowitz', 'Dignissimos et tempora eius totam nulla et. Qui voluptatem suscipit quia qui non sint rem atque. Consequatur saepe quibusdam ut architecto et quo. Et asperiores iste et saepe. Sed vel ea repudiandae culpa minus fugiat rem.', 1, '2018-09-16 00:42:20', '2018-09-16 00:42:20'),
(242, 8, 'Kira Dibbert', 'Et ipsum quam sit facere velit recusandae pariatur. At non quia rerum. Rerum odit at ut quo sit dolorem. Et accusamus repudiandae corporis modi.', 1, '2018-09-16 00:42:20', '2018-09-16 00:42:20'),
(243, 16, 'Dr. Winnifred Jakubowski DDS', 'Excepturi et officia fuga rerum ducimus sapiente. Omnis eligendi eos expedita esse voluptas. Ipsum itaque consequatur amet harum quos similique cumque.', 4, '2018-09-16 00:42:20', '2018-09-16 00:42:20'),
(244, 10, 'Prof. Otis Murazik', 'Necessitatibus consequatur dolor explicabo ipsam debitis fugit in. Cum aut quisquam natus ducimus eligendi. Tempore ipsa voluptatem assumenda quo labore repudiandae.', 5, '2018-09-16 00:42:21', '2018-09-16 00:42:21'),
(245, 23, 'Adella Schmeler', 'Distinctio ad est aut sequi perspiciatis. Velit laudantium suscipit ut itaque. Qui quia aut enim voluptas iste rerum earum dolor. Veritatis ut molestias hic non.', 1, '2018-09-16 00:42:21', '2018-09-16 00:42:21'),
(246, 36, 'Wilford Kuphal', 'Ut assumenda corporis et. Possimus recusandae officiis eveniet veniam excepturi et.', 5, '2018-09-16 00:42:21', '2018-09-16 00:42:21'),
(247, 25, 'Sammy Nicolas Sr.', 'Quo et ut qui voluptas sed velit. Laudantium inventore officiis a iste perspiciatis. Nostrum voluptas nobis autem aut quia. Velit delectus est sit.', 5, '2018-09-16 00:42:21', '2018-09-16 00:42:21'),
(248, 5, 'Melvin Tromp', 'Totam optio quasi aut. Ut maiores consequatur doloremque tempora non saepe unde veritatis. Veritatis animi qui animi. Voluptatem corrupti doloribus laborum laboriosam enim.', 2, '2018-09-16 00:42:21', '2018-09-16 00:42:21'),
(249, 45, 'Ms. Vergie Witting PhD', 'Vero velit ut illo aliquam minima quasi. Eligendi sunt aspernatur quia et. Rerum quis non qui dolores error molestias.', 2, '2018-09-16 00:42:21', '2018-09-16 00:42:21'),
(250, 38, 'Howell Lind', 'Aut aut voluptas corporis praesentium odit doloremque sit nobis. Voluptatum eum voluptatem quo labore ab non blanditiis.', 5, '2018-09-16 00:42:21', '2018-09-16 00:42:21'),
(251, 33, 'Laury Boyle Sr.', 'Voluptatum voluptatem deserunt consequatur optio quos ut molestiae ut. Unde eveniet suscipit eius ex omnis ipsa. Quidem velit quis nam et dolor deserunt. Quam totam et voluptatem quia exercitationem sint.', 4, '2018-09-16 00:42:21', '2018-09-16 00:42:21'),
(252, 38, 'Gianni Stehr', 'Ut occaecati dolor est dignissimos qui. Possimus doloremque id debitis numquam accusantium dolores. Libero consequatur aspernatur sint. Corrupti quibusdam tempore dignissimos adipisci numquam.', 1, '2018-09-16 00:42:21', '2018-09-16 00:42:21'),
(253, 16, 'Sincere McClure', 'Beatae sed mollitia veniam impedit. Cumque repellat officiis odit a ut. Hic dolorem deleniti ipsam maiores consequatur. Reprehenderit delectus sequi animi consequatur est id in magni.', 3, '2018-09-16 00:42:21', '2018-09-16 00:42:21'),
(254, 23, 'Brendon Johnson', 'Culpa temporibus eius corrupti eaque eum aliquid minus cumque. Omnis dolor aut eveniet sint non. Eligendi distinctio repellat sed ipsa et vero.', 1, '2018-09-16 00:42:21', '2018-09-16 00:42:21'),
(255, 16, 'Carolyne Haley II', 'Totam excepturi ipsam quam ducimus sint perferendis sint. Est saepe soluta molestiae accusamus et. Laboriosam nulla dolorem voluptatem inventore qui.', 2, '2018-09-16 00:42:21', '2018-09-16 00:42:21'),
(256, 11, 'Emily Fritsch V', 'Sit rerum hic inventore optio debitis. Fuga quidem nihil officia optio alias. Animi ullam laborum dolores labore neque odio. Et saepe asperiores laborum nulla quae amet cupiditate.', 3, '2018-09-16 00:42:21', '2018-09-16 00:42:21'),
(257, 41, 'Prof. Emil Muller DDS', 'Optio ipsa sunt in qui suscipit voluptatum esse. Et ut sint sed consequatur qui ducimus. Sint est id repellendus excepturi accusamus delectus laboriosam.', 4, '2018-09-16 00:42:21', '2018-09-16 00:42:21'),
(258, 44, 'Anabel Romaguera IV', 'Ea voluptatem autem saepe quia voluptas explicabo molestiae. Iusto atque quo id illum. Eos et deleniti praesentium ducimus repellat ea.', 4, '2018-09-16 00:42:21', '2018-09-16 00:42:21'),
(259, 39, 'Prince O\'Kon II', 'Atque modi deleniti veritatis est. Voluptatibus optio ex veniam error ut nulla esse. Excepturi eum repudiandae et nemo eos fugiat.', 0, '2018-09-16 00:42:21', '2018-09-16 00:42:21'),
(260, 19, 'Ayana Kulas', 'Neque cumque exercitationem enim fugit ut eos. Est et consequuntur nemo aut aut. Sequi et aspernatur quo accusamus. Eaque incidunt aliquid perferendis dolorem aut dolores dolores.', 0, '2018-09-16 00:42:21', '2018-09-16 00:42:21'),
(261, 16, 'Prof. Liza O\'Conner V', 'Dolores totam dicta magnam facere est eos hic. Mollitia officiis natus culpa ipsa a. Non dolorum itaque sint cupiditate vel eum. Expedita quas fuga ducimus voluptatem beatae eos.', 1, '2018-09-16 00:42:21', '2018-09-16 00:42:21'),
(262, 38, 'Shyanne Leffler', 'Velit aut illo ipsam sed possimus. Ullam veritatis rem eum dolore et. Ex fugit doloribus suscipit nulla ut sint quod. Fugiat soluta soluta quisquam eum atque rerum.', 1, '2018-09-16 00:42:21', '2018-09-16 00:42:21'),
(263, 33, 'Lottie Zulauf DVM', 'Molestias quasi dolores iusto et distinctio. Cupiditate dolore voluptatem quos ea tempora libero. Repudiandae aut occaecati ipsum fuga et error. Voluptatem eveniet dolorum incidunt distinctio sequi delectus.', 3, '2018-09-16 00:42:21', '2018-09-16 00:42:21'),
(264, 8, 'Barton Emmerich Jr.', 'In eum dolor corrupti ut dicta quam. Distinctio inventore atque in totam.', 3, '2018-09-16 00:42:21', '2018-09-16 00:42:21'),
(265, 40, 'Dahlia Mills', 'Labore et ut qui reiciendis sed voluptatem inventore. In sit quo expedita quibusdam corrupti. Modi qui iure vel velit velit. Cum culpa minima porro labore voluptates.', 3, '2018-09-16 00:42:21', '2018-09-16 00:42:21'),
(266, 18, 'Elinore Kihn', 'Molestiae similique id quis debitis rem. Ipsam voluptate itaque quae eius ut delectus enim vel. Qui consequatur aliquam delectus nesciunt sunt. Voluptas neque sapiente et ea tenetur in.', 1, '2018-09-16 00:42:21', '2018-09-16 00:42:21'),
(267, 38, 'Kayli Quigley MD', 'Occaecati accusantium dicta ea impedit corporis at. Optio tempore est rerum aut sapiente atque. Voluptatem cum quod velit. Voluptatem a eveniet quod quam.', 3, '2018-09-16 00:42:21', '2018-09-16 00:42:21'),
(268, 33, 'Prof. Eliseo Lueilwitz DVM', 'Quod cumque tempora impedit ullam non culpa. Aut molestias qui sed voluptate. Quo ea et consectetur commodi voluptate. Tempora ea velit veniam quibusdam consequatur non iusto maxime.', 5, '2018-09-16 00:42:21', '2018-09-16 00:42:21'),
(269, 12, 'Sarina Tillman', 'Ea voluptas rerum dolorem nam. Quidem nostrum harum dolorum voluptatibus deleniti sunt. Dolores fugit quidem nostrum suscipit assumenda consequatur.', 3, '2018-09-16 00:42:21', '2018-09-16 00:42:21'),
(270, 13, 'Ambrose Gerhold', 'Fugit dicta quia ut vel dolores ad. Placeat sed dolorum reprehenderit voluptatem deserunt mollitia. Aspernatur quod aspernatur doloribus vitae nesciunt vero dignissimos. Est est voluptates rem eos et provident quae laudantium.', 3, '2018-09-16 00:42:21', '2018-09-16 00:42:21'),
(271, 12, 'Alisa Stroman', 'Earum numquam dolorem reprehenderit. Est et impedit maxime maxime. Molestias blanditiis eos adipisci id.', 1, '2018-09-16 00:42:21', '2018-09-16 00:42:21'),
(272, 33, 'Prof. Conner Hudson', 'Accusamus voluptatem autem reiciendis veritatis consequatur eos a. Accusamus molestias repellendus dolorum in laboriosam neque commodi. Perferendis sunt autem reiciendis cumque error repudiandae temporibus. Commodi dolor iusto tempore corrupti ut. Laborum omnis quam quia.', 3, '2018-09-16 00:42:21', '2018-09-16 00:42:21'),
(273, 41, 'Carlo Witting', 'Ut laudantium ea ipsam illo blanditiis. Autem modi dolorum sequi a. Est officia omnis alias rerum laborum maxime.', 1, '2018-09-16 00:42:22', '2018-09-16 00:42:22'),
(274, 7, 'Cooper Stroman', 'Nihil voluptate repudiandae qui iste. Aut adipisci nostrum voluptas aut non occaecati.', 2, '2018-09-16 00:42:22', '2018-09-16 00:42:22'),
(275, 19, 'Angeline Koelpin', 'Et ipsa sed quae quia. Et quia assumenda suscipit adipisci facilis.', 5, '2018-09-16 00:42:22', '2018-09-16 00:42:22'),
(276, 40, 'Aaliyah VonRueden', 'Eum atque est est culpa deserunt fugiat deserunt labore. Rerum laudantium laborum et qui eius reiciendis. Ut nihil blanditiis ex praesentium eos fugiat id.', 2, '2018-09-16 00:42:22', '2018-09-16 00:42:22'),
(277, 16, 'Maritza Gerhold', 'Tenetur at reiciendis magnam enim. Quisquam aperiam placeat hic fuga. Velit doloremque accusamus earum qui nihil soluta. Pariatur magnam magnam ut possimus corporis incidunt.', 0, '2018-09-16 00:42:22', '2018-09-16 00:42:22'),
(278, 17, 'Wilhelm Rosenbaum', 'Molestiae autem quis natus iusto ut est voluptatibus. Quas id rerum rem molestiae aut id. Fugit occaecati aut veniam ipsa. Sit deserunt earum sed.', 5, '2018-09-16 00:42:22', '2018-09-16 00:42:22'),
(279, 18, 'Celine Torphy', 'Minus et voluptate similique deleniti neque autem. Cumque quae laudantium iusto eaque et. Ullam omnis qui sed consequatur rerum.', 5, '2018-09-16 00:42:22', '2018-09-16 00:42:22'),
(280, 17, 'Marquis McCullough', 'At omnis recusandae et. Molestias magnam ex voluptas quia. Consequatur adipisci doloribus consequuntur qui aut.', 5, '2018-09-16 00:42:22', '2018-09-16 00:42:22'),
(281, 9, 'Elouise Kshlerin', 'Ratione quidem earum sunt est minima dolore. Dignissimos laboriosam velit debitis dicta possimus adipisci corporis. Voluptates nulla autem magni doloremque saepe beatae numquam.', 2, '2018-09-16 00:42:22', '2018-09-16 00:42:22'),
(282, 13, 'Jamar Doyle', 'Voluptas voluptatum non nihil perferendis et maxime voluptas. Ipsum voluptas molestiae non sed ex dolores. Mollitia reiciendis labore consectetur non. Dolorum sunt sint consequatur.', 2, '2018-09-16 00:42:22', '2018-09-16 00:42:22'),
(283, 49, 'Elouise Schoen', 'Debitis est temporibus natus ipsa rerum. Et eveniet et dolores. Quibusdam ut placeat ullam quis sit sint quia.', 3, '2018-09-16 00:42:22', '2018-09-16 00:42:22'),
(284, 20, 'Adaline Doyle', 'Non voluptatem qui deleniti porro atque corrupti nostrum quis. Voluptatibus perferendis nostrum repellendus non. Et sunt molestias enim aliquid aperiam mollitia id. Consequatur fugiat aliquid tempora vero non blanditiis.', 3, '2018-09-16 00:42:22', '2018-09-16 00:42:22'),
(285, 11, 'Elyssa Schuster', 'Magni quas dolores ducimus neque voluptatem delectus minus. Autem sed molestiae magnam. Modi aperiam velit in ullam inventore dolores dignissimos.', 0, '2018-09-16 00:42:22', '2018-09-16 00:42:22'),
(286, 43, 'Miss Rebeka Langosh Jr.', 'Sit pariatur tempore doloribus molestiae. Maiores nam neque consequatur in aut quisquam. Qui ut sunt vel et ullam neque. Qui non qui necessitatibus autem quo asperiores eveniet.', 2, '2018-09-16 00:42:22', '2018-09-16 00:42:22'),
(287, 50, 'Coy Wiegand', 'Sit est repellat quia dolores voluptas numquam. Autem suscipit sint et vitae nesciunt ut velit. Consequatur est repudiandae tempora consequatur vel.', 1, '2018-09-16 00:42:22', '2018-09-16 00:42:22'),
(288, 15, 'Jeffry Greenfelder', 'Deleniti modi nobis velit dolorem culpa qui ab voluptatibus. Harum voluptas repellat esse aut dolore. Illo odio accusamus eos asperiores perferendis perferendis pariatur. Repellendus autem iusto fugit voluptatem.', 3, '2018-09-16 00:42:22', '2018-09-16 00:42:22'),
(289, 50, 'Nicholaus Smith', 'Modi deleniti dolor sunt ea dicta beatae suscipit laborum. Totam non aut et voluptas velit. Accusamus ex cum et eos nihil est. Eos voluptatem non reprehenderit provident et adipisci non incidunt.', 1, '2018-09-16 00:42:22', '2018-09-16 00:42:22'),
(290, 41, 'Glennie Donnelly', 'Alias dolor aut ratione doloremque eum. Ut necessitatibus aut modi sunt. Nam nam sed autem excepturi quo hic.', 5, '2018-09-16 00:42:22', '2018-09-16 00:42:22'),
(291, 35, 'Miss Loren Ernser MD', 'Tenetur libero voluptas et alias vero. Ut facilis libero omnis dicta ducimus quidem ab ut. Sed unde id alias magni et. Vitae molestiae quis iste accusantium.', 3, '2018-09-16 00:42:22', '2018-09-16 00:42:22'),
(292, 16, 'Spencer Brown', 'Possimus dolore cumque numquam accusamus qui voluptatem ducimus. Qui reiciendis temporibus sed quibusdam. Deleniti totam minima architecto et laudantium amet quia adipisci. Deleniti in est enim voluptas suscipit.', 0, '2018-09-16 00:42:22', '2018-09-16 00:42:22'),
(293, 26, 'Alexandria McLaughlin', 'Impedit quia debitis voluptatem dolores sit. Sed nulla ab occaecati et deserunt ut. Rerum aut atque itaque sit eius quos. Eum iusto iusto quae optio architecto iure quibusdam.', 3, '2018-09-16 00:42:22', '2018-09-16 00:42:22'),
(294, 48, 'Jazmin Adams', 'Suscipit nulla mollitia dolorum est non excepturi autem. Et dignissimos ut voluptatem tenetur commodi ut. Aut architecto molestiae amet dolorem eveniet quia perspiciatis quas. Et voluptatum est voluptas delectus.', 1, '2018-09-16 00:42:22', '2018-09-16 00:42:22'),
(295, 28, 'Boyd Cummings', 'Non nulla corrupti necessitatibus doloribus. Sit repellat dolorem et inventore facilis illum dolore doloribus. Laboriosam enim incidunt rerum fugit ducimus. Nihil ducimus est voluptas quia ipsum.', 0, '2018-09-16 00:42:22', '2018-09-16 00:42:22'),
(296, 33, 'Ms. Alexandra Abernathy', 'Aliquid nostrum autem velit sunt numquam voluptates nihil. Corrupti omnis architecto molestiae eum. Quis laboriosam est aut dolorum rem ducimus non. Rerum sint est et eum.', 1, '2018-09-16 00:42:23', '2018-09-16 00:42:23'),
(297, 25, 'Florence Walsh', 'Sed distinctio dolorum omnis dolorum. Aut sit similique tenetur omnis ipsam. Commodi est aperiam voluptates. Tempora quod minus ut commodi.', 2, '2018-09-16 00:42:23', '2018-09-16 00:42:23'),
(298, 33, 'Zander Witting', 'Enim dolorem enim in odit aut rerum. Id mollitia id enim harum atque et. Saepe cupiditate ipsam quasi consequatur consequatur ut sed.', 5, '2018-09-16 00:42:23', '2018-09-16 00:42:23'),
(299, 8, 'Lavern Krajcik', 'Sequi et omnis maxime quisquam eligendi asperiores. Aut ut aut vel delectus quia et possimus soluta. Mollitia earum esse non praesentium tenetur.', 3, '2018-09-16 00:42:23', '2018-09-16 00:42:23'),
(300, 38, 'Hershel Kuhn IV', 'Omnis totam laborum libero nihil omnis quo. Et voluptas explicabo pariatur aut nulla quia. Impedit recusandae consequatur dolorem et.', 2, '2018-09-16 00:42:23', '2018-09-16 00:42:23');

-- --------------------------------------------------------

--
-- Table structure for table `users`
--

CREATE TABLE `users` (
  `id` int(10) UNSIGNED NOT NULL,
  `name` varchar(191) COLLATE utf8mb4_unicode_ci NOT NULL,
  `email` varchar(191) COLLATE utf8mb4_unicode_ci NOT NULL,
  `email_verified_at` timestamp NULL DEFAULT NULL,
  `password` varchar(191) COLLATE utf8mb4_unicode_ci NOT NULL,
  `remember_token` varchar(100) COLLATE utf8mb4_unicode_ci DEFAULT NULL,
  `created_at` timestamp NULL DEFAULT NULL,
  `updated_at` timestamp NULL DEFAULT NULL
) ENGINE=InnoDB DEFAULT CHARSET=utf8mb4 COLLATE=utf8mb4_unicode_ci;

--
-- Indexes for dumped tables
--

--
-- Indexes for table `migrations`
--
ALTER TABLE `migrations`
  ADD PRIMARY KEY (`id`);

--
-- Indexes for table `password_resets`
--
ALTER TABLE `password_resets`
  ADD KEY `password_resets_email_index` (`email`);

--
-- Indexes for table `products`
--
ALTER TABLE `products`
  ADD PRIMARY KEY (`id`);

--
-- Indexes for table `reviews`
--
ALTER TABLE `reviews`
  ADD PRIMARY KEY (`id`),
  ADD KEY `reviews_product_id_index` (`product_id`);

--
-- Indexes for table `users`
--
ALTER TABLE `users`
  ADD PRIMARY KEY (`id`),
  ADD UNIQUE KEY `users_email_unique` (`email`);

--
-- AUTO_INCREMENT for dumped tables
--

--
-- AUTO_INCREMENT for table `migrations`
--
ALTER TABLE `migrations`
  MODIFY `id` int(10) UNSIGNED NOT NULL AUTO_INCREMENT, AUTO_INCREMENT=5;

--
-- AUTO_INCREMENT for table `products`
--
ALTER TABLE `products`
  MODIFY `id` int(10) UNSIGNED NOT NULL AUTO_INCREMENT, AUTO_INCREMENT=51;

--
-- AUTO_INCREMENT for table `reviews`
--
ALTER TABLE `reviews`
  MODIFY `id` int(10) UNSIGNED NOT NULL AUTO_INCREMENT, AUTO_INCREMENT=301;

--
-- AUTO_INCREMENT for table `users`
--
ALTER TABLE `users`
  MODIFY `id` int(10) UNSIGNED NOT NULL AUTO_INCREMENT;

--
-- Constraints for dumped tables
--

--
-- Constraints for table `reviews`
--
ALTER TABLE `reviews`
  ADD CONSTRAINT `reviews_product_id_foreign` FOREIGN KEY (`product_id`) REFERENCES `products` (`id`) ON DELETE CASCADE;
COMMIT;

/*!40101 SET CHARACTER_SET_CLIENT=@OLD_CHARACTER_SET_CLIENT */;
/*!40101 SET CHARACTER_SET_RESULTS=@OLD_CHARACTER_SET_RESULTS */;
/*!40101 SET COLLATION_CONNECTION=@OLD_COLLATION_CONNECTION */;
